0,1,2,3,4,5,6,7,8,9,10,11,12,target
-3.4688,-11.364,-1.1268,-0.06917,-0.0076951,-0.55363,-3.3749,-1.0358,-3.5494,23.763,-0.65553,34.826,0.95694,-3.2328
-3.5078,-11.364,16.603,-0.06917,0.054305,-0.30163,30.225,-1.9269,-5.5494,302.76,1.6445,33.436,5.4169,-8.9328
-3.5633,23.636,-5.0768,-0.06917,-0.1168,-0.57863,-40.175,2.8457,-8.5494,-104.24,-1.5555,37.346,-0.22306,-5.4328
64.307,-11.364,6.9632,-0.06917,0.1383,-0.60163,31.425,-2.3696,14.451,257.76,1.7445,28.296,10.327,-17.533
-1.2825,-11.364,8.4432,-0.06917,0.3163,-1.0986,25.225,-2.2654,-4.5494,-5.2372,-3.7555,0.31597,15.667,-4.7328
-1.4585,-11.364,8.4432,-0.06917,0.3163,-0.65663,31.425,-2.2784,-4.5494,-5.2372,-3.7555,-187.4,3.9969,-6.9328
14.253,-11.364,6.9632,-0.06917,0.1163,-0.061634,31.425,-2.4089,14.451,257.76,1.7445,37.066,9.1269,-12.333
-3.2821,-11.364,-4.9368,-0.06917,-0.047695,1.9624,1.8251,-0.14314,-1.5494,-101.24,-1.0555,22.276,-8.7031,25.767
5.9822,-11.364,6.9632,-0.06917,0.1383,0.11937,31.425,-2.156,14.451,257.76,1.7445,19.436,7.6569,-10.433
-3.2909,-11.364,10.753,-0.06917,0.069305,-0.34263,24.925,-1.8281,-5.5494,28.763,2.7445,21.576,4.2469,-5.1328
-3.5346,-11.364,1.6932,-0.06917,-0.1177,-0.011634,-62.575,0.45646,-4.5494,-10.237,0.24447,38.246,-5.8731,1.5672
2.2585,-11.364,6.9632,-0.06917,0.1383,0.12037,27.425,-2.1182,14.451,257.76,1.7445,40.226,6.7169,-10.033
-3.5627,-11.364,-5.9468,-0.06917,-0.039695,0.031366,-30.475,2.6634,-4.5494,-184.24,1.7445,33.036,-6.9731,-0.33281
-2.4869,-11.364,8.4432,0.93083,0.3163,-1.2726,19.425,-2.1848,-4.5494,-5.2372,-3.7555,-13.394,-0.53306,-7.2328
10.065,-11.364,6.9632,-0.06917,0.1853,-0.34963,19.325,-1.9744,14.451,257.76,1.7445,-287.72,21.367,-14.133
-3.5217,-11.364,-7.0868,-0.06917,-0.044695,0.13137,15.525,-1.1487,-4.5494,-112.24,-1.8555,38.826,-3.6131,1.0672
-3.3615,-11.364,-0.54678,-0.06917,-0.065695,-0.50163,4.1251,0.55986,-5.5494,-131.24,0.14447,32.756,5.4069,-0.032806
-3.5697,68.636,-7.7668,-0.06917,-0.1567,-0.49763,-37.475,2.8165,-5.5494,-71.237,-2.3555,40.226,-2.4131,-3.1328
-3.4217,-11.364,-3.7568,-0.06917,-0.061695,0.14637,-53.875,1.6209,-4.5494,-121.24,1.1445,37.006,-7.5731,2.0672
-3.5135,22.636,-5.0468,-0.06917,-0.1217,0.69737,-50.875,1.6967,-2.5494,-79.237,-2.3555,33.756,-7.7931,10.567
-3.4877,33.636,-7.6968,-0.06917,-0.1177,0.27137,-39.475,0.77166,-4.5494,-10.237,-3.2555,26.166,-8.0931,7.2672
0.060146,-11.364,6.9632,-0.06917,0.028305,0.027366,-16.675,0.19666,14.451,257.76,1.7445,31.946,-2.0731,-1.3328
-1.9569,-11.364,8.4432,-0.06917,0.3163,-0.16263,28.725,-2.177,-4.5494,-5.2372,-3.7555,16.126,1.4469,-1.0328
4.0585,-11.364,6.9632,-0.06917,0.1383,-0.53763,30.325,-2.1616,14.451,257.76,1.7445,36.426,7.2669,-14.033
-2.3811,-11.364,-2.9968,-0.06917,-0.016695,-0.14263,23.125,0.18186,-5.5494,-101.24,2.5445,40.226,6.0669,-7.3328
-3.5939,68.636,-9.3768,-0.06917,-0.1697,-0.054634,-37.075,5.2942,-8.5494,-167.24,-0.25553,-15.074,0.27694,-2.4328
-3.5824,-11.364,-6.7468,-0.06917,-0.1127,-0.27063,-20.075,4.2186,-6.5494,-56.237,0.34447,28.966,-2.1231,-5.0328
-3.6005,23.636,-9.6168,-0.06917,-0.1127,0.95637,-19.275,3.2429,-8.5494,-124.24,-2.9555,38.066,-7.1631,10.167
-3.4591,13.636,-6.0068,-0.06917,-0.1017,-0.13963,-39.375,4.0198,-1.5494,-124.24,1.2445,34.006,-5.7931,0.76719
21.188,-11.364,6.9632,-0.06917,0.1383,-0.93563,27.425,-2.0922,14.451,257.76,1.7445,40.226,7.1169,-14.233
0.48388,-11.364,8.4432,-0.06917,0.3163,-0.81663,31.425,-2.3832,-4.5494,-5.2372,-3.7555,40.226,13.767,-6.9328
-3.5999,63.636,-7.1368,-0.06917,-0.1447,-0.39663,-20.975,3.5247,-6.5494,60.763,2.6445,40.226,2.1469,-3.6328
-3.515,-11.364,14.513,-0.06917,0.026305,-0.40563,27.225,-1.7887,-7.5494,-220.24,0.64447,22.706,4.9269,-3.7328
-2.2588,-11.364,-2.9968,-0.06917,-0.016695,-0.21263,31.425,0.37996,-5.5494,-101.24,2.5445,20.056,0.38694,-8.0328
-1.1668,-11.364,8.4432,-0.06917,0.3163,-1.0126,25.425,-2.0586,-4.5494,-5.2372,-3.7555,-268.04,3.4869,-9.4328
6.353,-11.364,6.9632,-0.06917,0.1853,0.20037,31.425,-1.8166,14.451,257.76,1.7445,30.056,6.1969,-7.1328
3.9125,-11.364,6.9632,-0.06917,0.1583,0.13237,29.725,-1.61,14.451,257.76,1.7445,-52.464,6.6569,-9.5328
-3.4548,-11.364,-0.32678,-0.06917,-0.1417,-0.32363,-51.075,1.4923,-5.5494,-103.24,0.74447,20.266,-2.7731,-0.83281
-2.8231,-11.364,-1.2368,-0.06917,-0.010695,-0.16263,-15.775,-1.1547,-5.5494,-104.24,-0.055534,40.226,-6.6731,-0.43281
5.7156,-11.364,6.9632,-0.06917,0.1583,-0.099634,30.125,-1.5334,14.451,257.76,1.7445,40.226,5.4769,-8.4328
-3.2953,-11.364,-1.2368,-0.06917,-0.010695,-0.37063,14.625,0.20356,-5.5494,-104.24,-0.055534,34.026,5.6769,-4.7328
-3.1506,-11.364,-4.9368,-0.06917,-0.050695,1.1274,8.3251,-0.12354,-1.5494,-101.24,-1.0555,19.466,-7.4031,9.1672
-3.6026,43.636,-8.8868,-0.06917,-0.1657,0.16837,-36.675,3.5123,-8.5494,-108.24,-3.1555,38.046,-4.4231,-0.53281
-3.578,68.636,-7.4968,-0.06917,-0.1627,-0.40863,-49.475,5.4253,-8.5494,-93.237,-2.0555,38.506,-3.4031,-1.6328
-3.5069,68.636,-9.2268,-0.06917,-0.1417,-0.34863,-49.075,6.7907,-5.5494,-74.237,3.5445,19.366,-7.0831,-1.9328
18.984,-11.364,6.9632,-0.06917,0.1453,-1.2846,20.925,-2.2766,14.451,257.76,1.7445,40.226,19.337,-15.133
7.4946,-11.364,6.9632,-0.06917,0.1133,-1.3786,31.425,-2.6208,14.451,257.76,1.7445,40.226,22.117,-8.7328
-3.534,48.636,-9.4468,-0.06917,-0.1437,0.29437,-32.675,6.9153,-5.5494,2.7628,-0.15553,14.106,-7.1631,1.5672
2.7796,-11.364,6.9632,-0.06917,0.029305,-0.12263,28.825,-1.589,14.451,257.76,1.7445,-53.914,11.447,-9.2328
-3.4631,-11.364,14.513,-0.06917,0.026305,-0.42863,28.425,-1.8506,-7.5494,-220.24,0.64447,13.636,12.757,-5.2328
5.3694,-11.364,6.9632,0.93083,0.2153,-0.072634,28.825,-1.6728,14.451,257.76,1.7445,21.056,4.9469,-4.7328
-3.4357,-11.364,-1.4468,-0.06917,0.030305,-0.71563,4.9251,-1.3951,-3.5494,-17.237,0.74447,39.096,2.4469,-5.0328
-3.5205,-11.364,14.513,-0.06917,0.026305,-0.32363,24.325,-1.7081,-7.5494,-220.24,0.64447,21.416,5.2769,-2.0328
-3.5616,-11.364,-6.6468,-0.06917,-0.1057,-0.26963,-23.475,0.63216,-6.5494,-161.24,0.044466,39.316,0.20694,-0.032806
4.5382,-11.364,6.9632,-0.06917,0.1453,-0.89463,30.325,-2.0669,14.451,257.76,1.7445,40.226,8.1969,-11.033
-3.3544,-11.364,10.753,-0.06917,0.069305,-0.59163,27.425,-2.0067,-5.5494,28.763,2.7445,35.436,4.5369,-6.3328
85.363,-11.364,6.9632,-0.06917,0.1163,0.68337,23.325,-2.3785,14.451,257.76,1.7445,40.226,4.5569,-12.133
-1.164,-11.364,8.4432,-0.06917,0.050305,0.11737,26.625,-1.5325,-4.5494,-5.2372,-3.7555,-26.634,-1.3331,-0.23281
-3.4023,1.1364,-3.2668,-0.06917,-0.030695,-0.65363,31.425,2.2871,-4.5494,-97.237,-3.2555,29.956,17.277,-6.0328
-3.4985,-11.364,-8.2468,-0.06917,-0.1097,-0.12163,1.0251,-0.29984,-7.5494,-132.24,-0.45553,35.156,-1.3131,-1.1328
-3.0929,-11.364,-4.9368,0.93083,-0.047695,0.34637,7.9251,0.35296,-1.5494,-101.24,-1.0555,31.776,-3.1131,2.5672
-3.4421,-11.364,-4.2268,-0.06917,-0.1067,-0.60263,-34.775,1.3054,-6.5494,-175.24,-0.55553,40.226,-2.4431,-3.2328
-3.5562,-11.364,-6.6468,-0.06917,-0.1057,0.34537,-12.475,0.64266,-6.5494,-161.24,0.044466,35.626,-6.1231,4.0672
-3.4423,-11.364,-2.5768,-0.06917,-0.034695,-0.44863,23.325,-1.584,-4.5494,-24.237,2.4445,38.996,6.0069,-3.0328
-3.5297,-11.364,1.6932,-0.06917,-0.1177,-0.41063,-31.975,0.70756,-4.5494,-10.237,0.24447,39.386,-3.5531,-2.2328
-3.5134,-11.364,-8.6768,-0.06917,-0.066695,0.27837,27.025,-0.94804,-6.5494,-215.24,-0.65553,40.226,-6.9731,9.9672
-0.87955,-11.364,8.4432,-0.06917,0.3163,-0.68763,26.325,-2.2693,-4.5494,-5.2372,-3.7555,-4.824,8.7969,-7.1328
-3.5028,-11.364,2.7532,0.93083,-0.0046951,-0.33363,25.225,-0.90574,-4.5494,-132.24,-2.0555,40.226,5.2669,-1.0328
-2.773,-11.364,-2.9968,-0.06917,-0.016695,-0.68563,17.125,0.65956,-5.5494,-101.24,2.5445,-53.254,3.8569,-8.6328
-3.4809,-11.364,-2.5768,-0.06917,-0.034695,-0.43363,28.125,-1.6881,-4.5494,-24.237,2.4445,37.376,3.8169,-3.0328
-3.4989,8.6364,-4.1768,-0.06917,-0.090695,0.25337,-9.8749,0.12246,-6.5494,-185.24,0.14447,38.286,-4.9231,1.8672
-2.8633,-11.364,-2.9968,-0.06917,-0.016695,-0.36063,25.525,0.60456,-5.5494,-101.24,2.5445,37.656,3.6469,-6.9328
-3.4061,-11.364,16.603,-0.06917,0.054305,-1.1916,29.425,-1.9724,-5.5494,302.76,1.6445,-38.244,17.027,-14.433
-2.0945,-11.364,8.4432,0.93083,0.050305,2.0904,25.325,-1.633,-4.5494,-5.2372,-3.7555,31.776,-9.3331,27.467
-3.5593,-11.364,-7.0868,-0.06917,-0.044695,0.030366,4.8251,-0.47754,-4.5494,-112.24,-1.8555,38.926,-6.3631,2.0672
-3.3843,-11.364,-4.2268,-0.06917,-0.1067,-0.25463,16.925,1.8944,-6.5494,-175.24,-0.55553,36.066,6.1469,-5.9328
-3.5799,63.636,-8.1868,-0.06917,-0.1267,0.73937,-52.775,1.6061,-6.5494,-156.24,-0.15553,38.946,-10.673,12.367
-3.5748,41.136,-5.8168,-0.06917,-0.1497,-0.075634,-37.275,3.5222,-3.5494,-115.24,-1.8555,40.226,-5.5131,0.66719
-3.469,1.1364,-3.2668,-0.06917,-0.030695,-0.11263,27.525,2.1555,-4.5494,-97.237,-3.2555,40.226,6.4969,4.5672
-3.6072,6.6364,-8.8268,-0.06917,-0.016695,0.29037,-3.3749,0.29496,-8.5494,-112.24,-3.1555,40.226,-7.6731,1.4672
-2.9756,-11.364,-2.9968,-0.06917,-0.016695,-0.18863,15.925,0.66686,-5.5494,-101.24,2.5445,23.346,-2.3931,-4.3328
-2.99,-11.364,-4.9368,0.93083,-0.047695,0.59437,9.1251,-0.52294,-1.5494,-101.24,-1.0555,33.716,-2.7231,4.9672
-3.5859,63.636,-8.1868,-0.06917,-0.1267,0.31037,-46.775,1.6061,-6.5494,-156.24,-0.15553,38.956,-8.3331,8.2672
-3.5992,88.636,-9.8168,-0.06917,-0.1437,0.53137,-28.075,4.5298,-4.5494,-152.24,-3.3555,36.226,-8.7031,9.0672
-3.4908,-11.364,-4.2268,-0.06917,-0.1067,-0.21563,-28.575,1.9259,-6.5494,-175.24,-0.55553,32.716,-3.1031,-1.3328
-3.4459,-11.364,-3.7568,-0.06917,-0.061695,0.14137,-16.275,0.74536,-4.5494,-121.24,1.1445,40.226,-5.4531,1.2672
-3.5667,-11.364,-7.7268,-0.06917,-0.065695,0.13237,-2.4749,-0.70274,-7.5494,-138.24,-0.65553,35.506,-3.8431,0.067194
-3.4842,-11.364,2.7832,-0.06917,-0.1177,0.39337,-37.475,2.1654,-5.5494,-119.24,-2.4555,40.226,-6.3831,6.0672
-3.4385,-11.364,-5.1768,-0.06917,-0.055695,-0.31863,-38.375,0.052257,-4.5494,-129.24,0.74447,36.756,-2.5231,2.1672
7.9644,-11.364,6.9632,-0.06917,0.1453,-1.2486,28.425,-2.025,14.451,257.76,1.7445,40.226,13.027,-12.833
-3.5683,-11.364,0.79322,-0.06917,0.018305,-0.16463,8.1251,-1.5075,-8.5494,-135.24,2.5445,40.226,-3.5731,-1.9328
-0.68952,-11.364,8.4432,-0.06917,0.050305,-0.18363,24.425,-1.5116,-4.5494,-5.2372,-3.7555,-116.51,-2.8431,2.4672
-3.5681,-11.364,-7.8968,-0.06917,-0.094695,-0.14063,-36.375,2.0786,-5.5494,21.763,-1.5555,11.896,-3.5631,-2.7328
-3.5531,-11.364,-8.6768,-0.06917,-0.066695,-0.13163,0.2251,-0.51534,-6.5494,-215.24,-0.65553,30.436,0.49694,7.0672
-3.4961,1.1364,-3.2668,-0.06917,-0.030695,-0.27563,14.325,2.4317,-4.5494,-97.237,-3.2555,40.226,0.61694,-3.6328
-2.7323,-11.364,10.753,-0.06917,0.069305,-0.64763,26.125,-1.8151,-5.5494,28.763,2.7445,40.226,5.6869,-8.2328
-3.5706,41.136,-5.8168,-0.06917,-0.1497,0.28037,-45.675,3.5222,-3.5494,-115.24,-1.8555,15.046,-3.1431,2.2672
9.7463,-11.364,6.9632,-0.06917,0.1383,-0.39763,26.125,-2.0129,14.451,257.76,1.7445,40.226,3.6969,-9.8328
10.3,-11.364,6.9632,-0.06917,0.1583,-0.076634,26.425,-1.5728,14.451,257.76,1.7445,-256.04,2.5169,-10.833
-3.5805,-11.364,-5.9468,-0.06917,-0.039695,-0.22563,-31.275,1.0172,-4.5494,-184.24,1.7445,39.466,-4.1431,-1.9328
10.623,-11.364,6.9632,-0.06917,0.1383,0.058366,31.425,-2.2209,14.451,257.76,1.7445,40.226,7.6669,-15.333
1.0334,-11.364,6.9632,-0.06917,0.059305,0.69537,-0.9749,-1.2621,14.451,257.76,1.7445,18.006,-0.99306,7.2672
-3.4418,13.636,-6.0068,-0.06917,-0.1017,-0.31863,24.825,3.0235,-1.5494,-124.24,1.2445,21.406,1.7869,-6.5328
1.5882,-11.364,6.9632,0.93083,0.2153,-0.15763,14.825,-1.0723,14.451,257.76,1.7445,38.756,-1.1731,0.16719
-3.5229,8.6364,-4.1768,0.93083,-0.090695,-0.36463,-7.0749,0.12246,-6.5494,-185.24,0.14447,34.666,0.99694,-1.8328
-2.9861,-11.364,-2.9968,-0.06917,-0.016695,-0.45063,-12.075,0.70356,-5.5494,-101.24,2.5445,38.946,-4.1831,-2.6328
37.916,-11.364,6.9632,-0.06917,0.1383,-0.75363,16.825,-2.1876,14.451,257.76,1.7445,-27.214,14.727,-14.033
-3.5785,68.636,-6.1868,-0.06917,-0.1437,0.57637,-40.675,1.3217,-5.5494,-163.24,0.74447,40.226,-9.3231,5.9672
34.048,-11.364,6.9632,-0.06917,0.1243,-0.082634,10.125,-1.9321,14.451,257.76,1.7445,-337.85,1.8669,-11.633
-3.5918,71.136,-9.1068,-0.06917,-0.1397,1.3254,-52.875,2.475,-7.5494,-60.237,-3.7555,38.706,-9.5431,19.767
-3.3101,-11.364,-3.7568,-0.06917,-0.061695,0.027366,-39.675,1.6209,-4.5494,-121.24,1.1445,40.226,-6.5031,0.46719
-3.5724,13.636,-6.2768,-0.06917,-0.1287,0.44237,-35.075,1.6057,-5.5494,-127.24,0.54447,40.226,-7.3631,5.4672
-3.5637,9.6364,-5.4968,-0.06917,-0.1157,-0.28663,-47.175,3.0197,-5.5494,-165.24,-1.6555,40.226,-4.2231,0.86719
-1.2996,-11.364,8.4432,-0.06917,0.050305,-0.40463,28.725,-1.4063,-4.5494,-5.2372,-3.7555,-8.544,-0.62306,-3.4328
-3.5039,-11.364,0.79322,-0.06917,0.018305,0.50937,20.725,-1.4061,-8.5494,-135.24,2.5445,36.776,-6.1731,-0.53281
-3.3226,-11.364,10.753,-0.06917,0.069305,-0.11063,25.025,-2.1831,-5.5494,28.763,2.7445,31.406,11.507,-8.5328
-3.472,-11.364,-4.2268,-0.06917,-0.1067,-0.11563,-61.975,1.9259,-6.5494,-175.24,-0.55553,26.696,-6.8431,2.7672
2.0947,-11.364,6.9632,-0.06917,-0.022695,0.46537,6.3251,-0.46334,14.451,257.76,1.7445,36.396,-4.9131,1.1672
-3.3963,-11.364,-0.54678,0.93083,-0.065695,-0.47763,-14.775,-0.14244,-5.5494,-131.24,0.14447,34.266,3.3769,-0.13281
-3.5514,28.636,-9.8868,-0.06917,-0.1257,0.20537,-24.175,4.9971,-8.5494,-73.237,1.2445,40.226,-6.6731,0.36719
-3.5742,-11.364,-7.7268,-0.06917,-0.065695,0.12037,5.3251,-0.70294,-7.5494,-138.24,-0.65553,36.876,-4.4531,-0.53281
-0.83378,-11.364,8.4432,-0.06917,0.3163,-1.3816,29.225,-2.4491,-4.5494,-5.2372,-3.7555,40.226,16.637,-10.733
15.197,-11.364,6.9632,-0.06917,0.042305,-1.6566,31.425,-2.2411,14.451,257.76,1.7445,-327.88,21.717,-4.6328
-0.078514,-11.364,8.4432,0.93083,0.3163,-0.13263,14.025,-2.0495,-4.5494,-5.2372,-3.7555,-268.66,2.3669,-6.9328
-3.5782,22.636,-5.0468,-0.06917,-0.1217,0.30537,-28.175,1.6967,-2.5494,-79.237,-2.3555,39.076,-3.1531,-0.53281
-3.5219,-11.364,-0.32678,-0.06917,-0.1417,-0.21963,-60.775,1.4923,-5.5494,-103.24,0.74447,34.236,-7.1331,0.26719
-3.5579,58.636,-8.8968,-0.06917,-0.1547,0.75637,-58.575,4.0328,-4.5494,-50.237,-3.6555,14.906,-7.9131,6.4672
4.6346,-11.364,6.9632,-0.06917,0.1583,1.1084,30.725,-1.3423,14.451,257.76,1.7445,19.196,4.0869,-4.7328
-3.4514,8.6364,-4.1768,-0.06917,-0.090695,-0.044634,-52.275,0.63396,-6.5494,-185.24,0.14447,40.226,-6.0631,2.6672
-3.4345,-11.364,-1.4468,-0.06917,0.030305,-0.61463,-39.775,-0.99644,-3.5494,-17.237,0.74447,36.616,4.9469,0.56719
0.16146,-11.364,6.9632,-0.06917,0.1003,-0.33263,16.125,-0.92354,14.451,257.76,1.7445,-334.66,4.4969,-3.5328
-3.5689,13.636,-6.2768,-0.06917,-0.1287,0.33437,1.8251,1.6057,-5.5494,-127.24,0.54447,38.956,-5.4331,1.3672
8.1988,-11.364,6.9632,-0.06917,0.1633,0.53937,7.9251,-2.001,14.451,257.76,1.7445,-308.22,10.087,-14.133
5.1032,-11.364,6.9632,-0.06917,0.1383,0.18637,30.225,-2.0693,14.451,257.76,1.7445,35.306,4.4669,-9.4328
-2.4618,-11.364,-2.9968,-0.06917,-0.016695,-0.58363,26.425,-0.0078427,-5.5494,-101.24,2.5445,2.096,5.6969,-9.4328
-3.5248,9.6364,-5.4968,-0.06917,-0.1157,-0.32163,-22.875,3.0197,-5.5494,-165.24,-1.6555,38.886,0.79694,-2.8328
-1.2449,-11.364,8.4432,-0.06917,0.3163,-1.3586,27.125,-2.3342,-4.5494,-5.2372,-3.7555,35.036,16.877,-7.9328
-3.1205,-11.364,-1.2368,-0.06917,-0.010695,0.35037,13.925,-0.47754,-5.5494,-104.24,-0.055534,40.226,-8.1131,0.26719
17.103,-11.364,6.9632,-0.06917,0.1043,-2.1466,31.425,-2.6169,14.451,257.76,1.7445,13.546,10.687,-10.633
-3.5446,-11.364,-8.6768,-0.06917,-0.066695,-0.14063,-6.3749,-1.1971,-6.5494,-215.24,-0.65553,40.226,-3.2031,13.667
-3.5528,-11.364,0.79322,-0.06917,0.018305,0.69137,22.425,-1.6275,-8.5494,-135.24,2.5445,40.226,-7.0131,1.3672
1.6795,-11.364,6.9632,-0.06917,0.1453,-0.23363,13.925,-1.6272,14.451,257.76,1.7445,21.706,6.1069,0.66719
-3.5679,-11.364,2.7532,0.93083,-0.0046951,-0.39663,-12.575,-0.68294,-4.5494,-132.24,-2.0555,36.126,0.85694,0.76719
-2.4827,-11.364,-2.9968,-0.06917,-0.016695,-0.57163,25.525,0.43796,-5.5494,-101.24,2.5445,3.496,9.9469,-9.8328
-0.79514,-11.364,6.9632,-0.06917,-0.022695,-0.52263,-28.275,0.30326,14.451,257.76,1.7445,36.246,-2.2331,-0.73281
-3.5334,-11.364,-5.1768,-0.06917,-0.055695,-0.43463,-27.075,0.13916,-4.5494,-129.24,0.74447,40.226,-3.8831,-1.5328
-3.2881,-11.364,10.753,-0.06917,0.069305,0.14637,30.225,-1.9825,-5.5494,28.763,2.7445,40.226,2.7369,-4.5328
-2.0007,-11.364,-2.9968,-0.06917,-0.016695,-0.18863,28.325,-0.035243,-5.5494,-101.24,2.5445,-108.36,7.6869,-9.0328
4.6537,-11.364,6.9632,0.93083,0.1133,-0.40963,21.025,-2.6654,14.451,257.76,1.7445,-8.794,-3.7731,27.467
-3.4031,8.6364,-7.8068,-0.06917,-0.1118,0.52737,-36.375,0.30566,-4.5494,-192.24,-3.5555,40.226,-7.8031,12.567
-3.0235,-11.364,10.753,-0.06917,0.069305,0.087366,29.325,-1.4676,-5.5494,28.763,2.7445,29.086,-1.5331,0.46719
-3.5252,1.1364,-3.2668,-0.06917,-0.030695,-0.27263,-1.9749,1.7655,-4.5494,-97.237,-3.2555,38.926,-0.22306,0.36719
-3.5494,-11.364,-5.1768,-0.06917,-0.055695,-0.35163,-0.3749,-0.43474,-4.5494,-129.24,0.74447,40.226,-2.9731,-3.6328
-2.1885,-11.364,8.4432,-0.06917,0.3163,0.22537,31.425,-2.0291,-4.5494,-5.2372,-3.7555,7.636,-5.2631,0.76719
-3.5476,-11.364,-8.6768,-0.06917,-0.066695,1.4804,14.725,-1.054,-6.5494,-215.24,-0.65553,38.886,-5.0931,17.267
-3.4725,-11.364,2.7832,-0.06917,-0.1177,-0.49463,-10.575,2.525,-5.5494,-119.24,-2.4555,40.226,3.1869,-2.2328
-3.5934,83.636,-8.4568,-0.06917,-0.1386,1.7494,-36.675,1.323,-5.5494,-184.24,-3.7555,33.876,-9.7731,27.467
-3.5981,78.636,-7.3868,-0.06917,-0.1607,1.1694,-34.375,2.5411,-6.5494,-164.24,-2.5555,29.666,-9.5431,21.467
-3.2831,-11.364,-4.9368,-0.06917,-0.047695,-0.19863,-7.0749,-0.14314,-1.5494,-101.24,-1.0555,20.076,-1.7731,1.4672
-3.4993,-11.364,2.7532,0.93083,-0.0046951,0.088366,23.825,-0.43174,-4.5494,-132.24,-2.0555,37.066,-2.1531,0.46719
-3.3725,-11.364,-3.7568,-0.06917,-0.061695,-0.20163,-24.875,1.6209,-4.5494,-121.24,1.1445,40.226,0.13694,-0.33281
-3.0734,8.6364,-7.1668,-0.06917,0.092305,0.91837,13.225,-1.6829,-4.5494,-144.24,-5.4555,36.126,-3.0631,11.267
10.72,-11.364,6.9632,-0.06917,0.059305,-0.055634,19.425,-1.8438,14.451,257.76,1.7445,26.646,0.45694,-1.1328
-3.5957,83.636,-9.6668,-0.06917,-0.1517,0.85037,-54.675,3.8584,-6.5494,-6.2372,-1.4555,27.626,-8.2031,10.367
14.885,-11.364,6.9632,-0.06917,0.1133,-2.1466,31.425,-2.658,14.451,257.76,1.7445,40.226,25.317,-8.7328
-3.5661,-11.364,0.79322,-0.06917,0.018305,-0.25463,12.225,-1.29,-8.5494,-135.24,2.5445,40.226,-4.7731,-10.633
-3.3518,-11.364,-1.2368,-0.06917,-0.010695,-0.26163,21.825,-0.96104,-5.5494,-104.24,-0.055534,39.626,-0.93306,-3.1328
-3.5022,-11.364,16.603,-0.06917,0.054305,-0.30163,14.925,-1.6851,-5.5494,302.76,1.6445,40.226,0.69694,-2.4328
-3.5991,48.636,-8.2068,-0.06917,-0.1537,0.31937,-49.775,2.4246,-8.5494,-143.24,-2.8555,20.026,-8.2731,6.5672
8.6337,-11.364,6.9632,-0.06917,0.029305,-0.44763,-8.8749,-1.7974,14.451,257.76,1.7445,-332.02,3.0369,-12.333
-3.5522,8.6364,-7.8068,0.93083,-0.1118,1.3604,-18.875,1.4169,-4.5494,-192.24,-3.5555,20.396,-9.6431,23.467
-3.5571,28.636,-4.7268,0.93083,-0.1077,0.47337,-35.675,0.28256,-5.5494,-154.24,-0.85553,40.226,-9.1231,9.8672
-3.5831,-11.364,-5.9468,-0.06917,-0.039695,-0.38963,-8.9749,1.82,-4.5494,-184.24,1.7445,38.136,-2.0931,-4.0328
-3.3916,8.6364,-4.1768,0.93083,-0.090695,1.4064,-16.775,0.57146,-6.5494,-185.24,0.14447,34.096,-6.0731,12.667
18.438,-11.364,6.9632,-0.06917,0.1853,-0.46663,23.825,-1.9288,14.451,257.76,1.7445,34.776,9.4569,-12.033
-3.5862,-11.364,-4.0668,-0.06917,-0.085695,0.13637,10.325,1.1721,-7.5494,-166.24,-0.65553,40.226,-3.5131,-0.93281
-2.9838,-11.364,-2.9968,-0.06917,-0.016695,-0.33563,-6.7749,0.91246,-5.5494,-101.24,2.5445,40.226,-4.3931,-2.1328
-3.5777,68.636,-7.7668,-0.06917,-0.1567,0.0053656,-50.775,2.8165,-5.5494,-71.237,-2.3555,40.226,-7.9831,0.96719
-3.5705,68.636,-9.2268,-0.06917,-0.1417,-0.62163,-46.675,6.7907,-5.5494,-74.237,3.5445,26.126,-4.6031,-4.3328
-2.4061,-11.364,8.4432,-0.06917,0.050305,-0.40963,26.025,-1.3691,-4.5494,-5.2372,-3.7555,-64.384,1.7769,-5.1328
-3.5489,58.636,-8.8968,-0.06917,-0.1547,0.060366,-48.475,4.0328,-4.5494,-50.237,-3.6555,11.566,-7.6831,-0.032806
-2.1502,-11.364,8.4432,-0.06917,0.050305,1.2044,22.225,-1.8241,-4.5494,-5.2372,-3.7555,17.756,-10.923,27.467
-3.5605,-11.364,-7.7268,-0.06917,-0.065695,0.79437,-5.4749,-0.38054,-7.5494,-138.24,-0.65553,39.386,-6.9531,6.1672
4.1387,-11.364,6.9632,-0.06917,0.1583,0.016366,15.125,-1.0119,14.451,257.76,1.7445,-84.464,3.5769,-7.6328
-3.1778,-11.364,-0.54678,0.93083,-0.065695,-0.94063,31.425,0.079957,-5.5494,-131.24,0.14447,40.226,10.437,-2.5328
-3.3499,-11.364,-2.5768,-0.06917,-0.034695,-0.055634,22.625,-1.2499,-4.5494,-24.237,2.4445,34.556,2.8969,-3.1328
-3.4902,-11.364,-1.1268,-0.06917,-0.0076951,-0.37163,24.325,-1.4416,-3.5494,23.763,-0.65553,38.276,3.5569,-3.7328
-0.44992,-11.364,6.9632,-0.06917,0.1003,-0.52563,-20.375,-0.72854,14.451,257.76,1.7445,-22.274,1.4769,-2.6328
-3.1717,-11.364,-4.9368,-0.06917,-0.050695,0.26737,-47.175,-0.41994,-1.5494,-101.24,-1.0555,23.666,-8.8931,8.9672
-3.2377,-11.364,-0.54678,0.93083,-0.065695,-0.88063,20.025,-0.13004,-5.5494,-131.24,0.14447,38.566,11.327,-3.2328
-3.417,10.636,-5.2768,-0.06917,-0.1237,-0.058634,10.625,4.2605,-2.5494,-78.237,0.64447,19.466,-2.5031,-2.0328
-2.5596,-11.364,-2.9968,-0.06917,-0.016695,-0.34963,-39.275,0.70356,-5.5494,-101.24,2.5445,30.176,-6.0731,0.56719
5.6188,-11.364,6.9632,-0.06917,0.076305,-0.068634,31.425,-2.6259,14.451,257.76,1.7445,9.476,-3.1231,27.467
-2.8278,8.6364,-7.1668,-0.06917,0.092305,0.72937,16.025,-1.6621,-4.5494,-144.24,-5.4555,27.396,2.1369,8.1672
-1.3131,-11.364,8.4432,-0.06917,0.050305,0.034366,27.525,-1.695,-4.5494,-5.2372,-3.7555,-59.584,-1.5531,1.2672
-2.1997,-11.364,8.4432,0.93083,0.3163,-0.15563,27.425,-2.0456,-4.5494,-5.2372,-3.7555,-35.654,2.4669,-5.5328
11.41,-11.364,6.9632,-0.06917,0.059305,-0.98063,28.725,-1.6943,14.451,257.76,1.7445,-7.194,12.257,-10.533
0.73527,-11.364,6.9632,-0.06917,0.025305,-0.11763,15.425,-0.76164,14.451,257.76,1.7445,40.226,3.6369,-2.6328
-3.5587,21.636,-8.9568,-0.06917,-0.082695,0.33137,-10.475,-0.42504,-2.5494,-186.24,-0.055534,36.686,-3.7231,5.8672
-3.3637,-11.364,10.753,-0.06917,0.069305,-0.42763,29.625,-2.1264,-5.5494,28.763,2.7445,35.366,8.6669,-9.2328
-3.5734,68.636,-9.6168,-0.06917,-0.1507,1.0024,-34.475,3.514,-7.5494,-79.237,-5.8555,40.226,-8.5731,10.767
-3.0765,-11.364,-4.9368,-0.06917,-0.050695,-0.30363,-0.4749,-0.12354,-1.5494,-101.24,-1.0555,21.676,-1.0031,1.7672
10.72,-11.364,6.9632,-0.06917,0.1453,-1.4046,31.425,-2.2055,14.451,257.76,1.7445,16.246,17.967,-12.333
-3.002,8.6364,-7.1668,-0.06917,0.092305,2.4194,18.325,-1.994,-4.5494,-144.24,-5.4555,33.026,-7.5331,27.467
-2.9416,-11.364,-2.9968,-0.06917,-0.016695,-0.47163,21.725,0.88696,-5.5494,-101.24,2.5445,20.206,2.1569,-5.9328
-2.8293,-11.364,-2.9968,-0.06917,-0.016695,-0.29463,13.125,0.46286,-5.5494,-101.24,2.5445,30.076,2.0169,-5.0328
-3.5419,-11.364,14.513,-0.06917,0.026305,-0.28063,15.525,-1.5976,-7.5494,-220.24,0.64447,20.996,1.6169,-2.2328
-3.4744,-11.364,-7.0868,-0.06917,-0.044695,-0.71263,19.925,-1.1989,-4.5494,-112.24,-1.8555,40.226,2.0369,0.56719
1.2847,-11.364,6.9632,-0.06917,0.076305,-1.3146,31.425,-2.4625,14.451,257.76,1.7445,18.846,-9.3931,27.467
-3.5997,68.636,-10.677,-0.06917,-0.1327,1.5904,-36.575,1.8534,-5.5494,-153.24,-4.0555,37.556,-9.6831,27.467
-3.073,8.6364,-7.1668,-0.06917,0.020305,1.1854,-15.975,-0.92304,-4.5494,-144.24,-5.4555,33.626,-9.4931,20.967
-3.334,-11.364,-1.4468,-0.06917,0.030305,-0.35863,-25.975,-1.4133,-3.5494,-17.237,0.74447,40.226,0.93694,1.9672
-3.2262,-11.364,14.513,-0.06917,0.026305,-0.67163,27.025,-2.0378,-7.5494,-220.24,0.64447,2.616,14.607,-6.8328
-3.5985,78.636,-9.9268,0.93083,-0.1537,1.6384,-43.775,2.09,-8.5494,-210.24,-4.8555,38.846,-9.4931,27.467
-3.5669,68.636,-9.6168,-0.06917,-0.1507,0.82237,-31.975,3.514,-7.5494,-79.237,-5.8555,-2.364,-4.0431,7.7672
3.3486,-11.364,6.9632,-0.06917,0.1453,-0.57163,28.425,-1.8685,14.451,257.76,1.7445,37.756,4.4569,-7.4328
-3.5347,68.636,-6.1868,-0.06917,-0.1437,0.86337,-40.875,1.3217,-5.5494,-163.24,0.74447,40.226,-9.0931,14.767
-3.6004,78.636,-9.9168,-0.06917,-0.1517,0.96437,-46.675,4.9016,-4.5494,-182.24,-0.55553,39.256,-7.8431,12.867
5.9001,-11.364,6.9632,-0.06917,0.1583,0.44337,25.525,-1.2989,14.451,257.76,1.7445,-349.99,6.0569,-7.6328
4.8786,-11.364,6.9632,-0.06917,0.029305,0.063366,17.525,-1.7423,14.451,257.76,1.7445,-273.22,4.9869,-8.0328
3.0414,-11.364,6.9632,-0.06917,0.1583,0.032366,14.425,-1.0606,14.451,257.76,1.7445,40.226,1.3369,-3.0328
-3.5184,-11.364,1.6932,-0.06917,-0.1177,0.0013656,-23.575,0.70756,-4.5494,-10.237,0.24447,26.556,-3.7131,-1.1328
-3.5571,-11.364,1.6932,-0.06917,-0.1177,-0.052634,-14.875,1.2191,-4.5494,-10.237,0.24447,29.726,-0.31306,-1.3328
-2.95,8.6364,-7.1668,-0.06917,0.092305,1.0484,31.425,-1.9004,-4.5494,-144.24,-5.4555,26.616,-4.8631,13.467
-3.5789,23.636,-5.0768,-0.06917,-0.1168,-0.25363,-45.275,2.8457,-8.5494,-104.24,-1.5555,5.576,-4.8231,-3.1328
69.921,-11.364,6.9632,-0.06917,0.1243,-0.32763,31.425,-1.9924,14.451,257.76,1.7445,-340.22,7.9669,-13.733
-1.3712,-11.364,8.4432,-0.06917,0.050305,-0.43063,23.225,-1.373,-4.5494,-5.2372,-3.7555,38.436,-1.0131,0.16719
-3.3744,-11.364,-1.4468,-0.06917,0.030305,-0.26563,-3.2749,-1.3859,-3.5494,-17.237,0.74447,40.226,0.26694,-1.3328
-3.5449,-11.364,-8.2468,-0.06917,-0.1097,1.1314,-6.0749,-0.29984,-7.5494,-132.24,-0.45553,40.226,-6.4631,10.667
-3.5434,-11.364,2.7532,-0.06917,-0.0046951,0.35737,16.525,-0.37394,-4.5494,-132.24,-2.0555,36.106,-2.9631,6.1672
-3.3441,-11.364,-1.2368,-0.06917,-0.010695,-0.018634,14.225,-0.53224,-5.5494,-104.24,-0.055534,36.716,-4.7531,-0.93281
-3.4771,-11.364,-0.54678,-0.06917,-0.065695,-0.39363,-46.275,0.15036,-5.5494,-131.24,0.14447,40.226,-1.7831,0.067194
1.8276,-11.364,6.9632,-0.06917,0.1583,0.37037,29.625,-1.4398,14.451,257.76,1.7445,-1.384,5.0769,-7.3328
-3.5102,13.636,-6.0068,-0.06917,-0.1017,-0.35763,-21.375,3.137,-1.5494,-124.24,1.2445,40.226,-3.4331,-2.9328
-0.044844,-11.364,6.9632,-0.06917,0.025305,0.15237,6.4251,-0.89854,14.451,257.76,1.7445,36.696,1.7069,0.66719
0.94235,-11.364,6.9632,-0.06917,0.1633,-2.7236,19.325,-2.1818,14.451,257.76,1.7445,-1.974,-5.5331,4.9672
-3.0382,-11.364,-4.9368,-0.06917,-0.047695,2.0524,4.7251,0.043357,-1.5494,-101.24,-1.0555,29.236,-10.183,19.167
-3.5599,9.6364,-5.4968,-0.06917,-0.1157,0.22637,-47.475,3.0197,-5.5494,-165.24,-1.6555,40.226,-7.3731,2.4672
-3.5694,58.636,-8.8968,-0.06917,-0.1547,0.58637,-21.175,4.0328,-4.5494,-50.237,-3.6555,34.186,-6.5831,2.2672
-3.4491,10.636,-5.2768,-0.06917,-0.1237,0.14837,-19.475,4.0315,-2.5494,-78.237,0.64447,18.036,-3.1331,1.9672
-2.2707,-11.364,8.4432,-0.06917,0.050305,-0.21863,31.425,-2.0377,-4.5494,-5.2372,-3.7555,-2.784,-6.2231,1.7672
42.133,-11.364,6.9632,-0.06917,0.1383,-1.7656,31.425,-2.1368,14.451,257.76,1.7445,-268.4,24.327,-15.533
20.78,-11.364,6.9632,-0.06917,0.1453,-1.6326,31.425,-2.3278,14.451,257.76,1.7445,40.226,15.627,-12.033
-3.4302,-11.364,16.603,-0.06917,0.054305,-0.87063,29.725,-2.0396,-5.5494,302.76,1.6445,-12.624,11.317,-15.533
-3.4228,10.636,-5.2768,-0.06917,-0.1237,0.43337,-51.075,4.0315,-2.5494,-78.237,0.64447,37.066,-6.0931,3.6672
-3.0794,8.6364,-7.1668,-0.06917,0.092305,1.2354,20.825,-1.6552,-4.5494,-144.24,-5.4555,31.696,-5.3931,20.567
-3.5309,-11.364,2.7832,-0.06917,-0.1177,-0.15763,-50.175,1.7077,-5.5494,-119.24,-2.4555,40.226,-4.0731,1.3672
-3.5702,9.6364,-5.4968,-0.06917,-0.1157,-0.16963,-5.5749,3.0197,-5.5494,-165.24,-1.6555,37.296,-3.2231,-2.0328
-3.5948,73.636,-6.9868,-0.06917,-0.1257,0.23137,-40.875,4.7403,-5.5494,-57.237,-0.55553,35.756,-6.2931,0.56719
-3.4402,-11.364,-1.4468,-0.06917,0.030305,-0.57763,-14.575,-1.4133,-3.5494,-17.237,0.74447,40.226,-0.64306,-0.73281
-3.2837,-11.364,10.753,-0.06917,0.069305,-0.46263,26.825,-1.3251,-5.5494,28.763,2.7445,32.016,2.3769,-4.1328
-3.5642,21.636,-8.9568,-0.06917,-0.082695,0.56437,1.7251,-0.61234,-2.5494,-186.24,-0.055534,40.226,-5.1231,5.6672
-3.0934,8.6364,-7.1668,-0.06917,0.092305,2.1134,22.925,-1.5065,-4.5494,-144.24,-5.4555,30.186,-6.7431,26.267
-3.5433,-11.364,-7.0868,-0.06917,-0.044695,-0.26463,-21.375,-0.24014,-4.5494,-112.24,-1.8555,36.556,-2.5431,0.66719
-3.5225,-11.364,-8.6768,-0.06917,-0.066695,0.87037,23.625,-1.0944,-6.5494,-215.24,-0.65553,37.446,-7.8331,15.367
10.437,-11.364,6.9632,-0.06917,0.042305,0.37237,31.425,-2.2675,14.451,257.76,1.7445,-321.62,8.5669,-5.3328
-3.5337,28.636,-4.7268,-0.06917,-0.1077,0.19737,-36.475,0.34526,-5.5494,-154.24,-0.85553,40.226,-5.4631,6.5672
-3.5313,10.636,-5.2768,-0.06917,-0.1237,0.67237,-61.775,5.1117,-2.5494,-78.237,0.64447,29.416,-9.1231,7.0672
-2.7615,-11.364,-2.9968,-0.06917,-0.016695,-0.31963,20.625,0.21726,-5.5494,-101.24,2.5445,35.856,1.1769,-2.9328
-2.3899,-11.364,8.4432,-0.06917,0.050305,0.65837,28.825,-1.9177,-4.5494,-5.2372,-3.7555,6.756,-8.0631,18.767
47.522,-11.364,6.9632,-0.06917,0.042305,-0.52763,31.425,-2.382,14.451,257.76,1.7445,-354.07,-2.5431,-7.5328
0.22332,-11.364,6.9632,-0.06917,0.2153,-0.033634,22.525,-1.4995,14.451,257.76,1.7445,-6.024,1.5369,-2.6328
0.064696,-11.364,6.9632,-0.06917,0.2153,-0.92263,27.625,-1.6914,14.451,257.76,1.7445,24.116,-2.4631,-1.7328
-3.4319,-11.364,-3.7568,-0.06917,-0.061695,0.091366,-14.275,0.74536,-4.5494,-121.24,1.1445,40.226,-5.7831,0.56719
-3.4391,-11.364,-0.54678,0.93083,-0.065695,-0.32463,23.525,0.082057,-5.5494,-131.24,0.14447,36.576,4.6169,-0.83281
-2.6251,-11.364,-2.9968,-0.06917,-0.016695,-0.47163,31.425,0.30016,-5.5494,-101.24,2.5445,37.866,7.2269,-8.0328
-3.3938,-11.364,-4.2268,-0.06917,-0.1067,-0.68263,-6.5749,2.2927,-6.5494,-175.24,-0.55553,40.226,3.5469,-3.1328
-3.593,73.636,-10.397,-0.06917,-0.1447,0.098366,-32.875,5.3926,-7.5494,-95.237,-1.1555,40.226,-6.8831,2.1672
-1.8132,-11.364,8.4432,-0.06917,0.050305,-0.40763,10.625,-1.3691,-4.5494,-5.2372,-3.7555,-129.06,-0.51306,1.2672
34.738,-11.364,6.9632,-0.06917,0.1383,-0.83163,31.425,-2.3054,14.451,257.76,1.7445,40.226,17.937,-17.533
-3.5161,-11.364,-5.1768,-0.06917,-0.055695,-0.44363,-7.1749,-0.41714,-4.5494,-129.24,0.74447,20.886,-1.2431,-2.5328
-3.582,83.636,-9.6668,-0.06917,-0.1517,0.69037,-53.275,3.8584,-6.5494,-6.2372,-1.4555,40.226,-8.0931,12.367
2.8305,-11.364,6.9632,-0.06917,0.029305,0.14037,6.2251,-1.5946,14.451,257.76,1.7445,-258.72,-0.62306,-6.4328
7.5469,-11.364,6.9632,-0.06917,0.1853,0.34437,26.025,-1.6703,14.451,257.76,1.7445,-246.82,10.617,-9.1328
-2.3617,-11.364,-2.9968,-0.06917,-0.016695,-0.71463,29.525,0.0028573,-5.5494,-101.24,2.5445,19.896,8.3669,-8.9328
-3.4074,10.636,-5.2768,-0.06917,-0.1237,-0.69163,7.9251,4.1599,-2.5494,-78.237,0.64447,15.816,-0.15306,-4.9328
-0.97804,-11.364,-1.2368,-0.06917,-0.010695,-1.3116,-30.775,-1.2756,-5.5494,-104.24,-0.055534,-6.224,-0.013063,-6.4328
-3.512,-11.364,1.6932,-0.06917,-0.1177,-0.0056344,5.9251,0.25716,-4.5494,-10.237,0.24447,16.986,-0.68306,-2.5328
-3.5269,33.636,-7.6968,-0.06917,-0.1177,0.89337,-42.275,2.6848,-4.5494,-10.237,-3.2555,33.816,-9.7831,13.867
-3.4829,-11.364,-1.1268,-0.06917,-0.0076951,-0.41263,4.5251,-1.3175,-3.5494,23.763,-0.65553,-18.044,2.7169,-2.1328
-3.2612,-11.364,10.753,-0.06917,0.069305,0.16937,29.825,-1.9452,-5.5494,28.763,2.7445,37.406,1.9369,-5.4328
-3.5074,18.636,-6.2068,-0.06917,-0.1267,-0.18963,-3.4749,2.5411,-3.5494,-108.24,-1.8555,37.946,-0.25306,-2.4328
-3.5471,-11.364,-7.0868,-0.06917,-0.044695,0.57537,5.8251,-0.87974,-4.5494,-112.24,-1.8555,34.596,-5.7331,7.3672
-3.6045,78.636,-8.1668,-0.06917,-0.1547,0.80337,-47.775,3.5123,-8.5494,-123.24,-3.1555,38.046,-4.8031,9.6672
-3.4712,-11.364,-1.1268,-0.06917,-0.0076951,-0.030634,15.625,-1.5385,-3.5494,23.763,-0.65553,32.066,-2.2031,-4.0328
-3.5127,-11.364,-1.1268,-0.06917,-0.0076951,0.43037,13.025,-1.1175,-3.5494,23.763,-0.65553,38.916,-2.4931,0.26719
2.0782,-11.364,6.9632,-0.06917,0.028305,-0.17063,11.225,-0.24914,14.451,257.76,1.7445,36.006,2.3269,-3.4328
0.42489,-11.364,6.9632,-0.06917,-0.022695,-0.055634,22.125,-0.69574,14.451,257.76,1.7445,38.656,0.21694,-2.9328
-3.3683,-11.364,-1.2368,-0.06917,-0.010695,-0.50263,3.1251,0.23666,-5.5494,-104.24,-0.055534,40.226,3.2869,-2.7328
-3.5964,78.636,-9.1168,-0.06917,-0.1447,0.44337,-32.475,8.3315,-4.5494,-221.24,-1.4555,27.786,-8.1531,7.5672
-3.3296,-11.364,-3.7568,-0.06917,-0.061695,-0.57663,5.7251,0.92606,-4.5494,-121.24,1.1445,34.456,-0.91306,-4.0328
-3.5444,33.636,-7.6968,-0.06917,-0.1177,0.45437,-37.775,2.6848,-4.5494,-10.237,-3.2555,33.036,-7.9631,7.9672
-1.235,-11.364,6.9632,-0.06917,0.028305,-0.41363,-26.675,-0.071043,14.451,257.76,1.7445,14.056,0.68694,-1.9328
-3.4019,-11.364,-2.5768,-0.06917,-0.034695,-0.14763,18.825,-1.0803,-4.5494,-24.237,2.4445,37.796,0.78694,-3.2328
6.303,-11.364,6.9632,-0.06917,0.1383,-0.43263,9.2251,-2.2946,14.451,257.76,1.7445,-18.514,17.317,-16.233
-3.1017,-11.364,-4.9368,-0.06917,-0.047695,1.0734,3.0251,0.35296,-1.5494,-101.24,-1.0555,33.396,-7.9231,8.9672
-3.2735,-11.364,10.753,-0.06917,0.069305,0.17337,30.325,-1.6765,-5.5494,28.763,2.7445,38.366,-0.053063,-3.3328
-3.2446,10.636,-5.2768,-0.06917,-0.1237,1.9744,-60.175,5.1117,-2.5494,-78.237,0.64447,40.226,-9.1131,20.267
-3.0557,-11.364,10.753,-0.06917,0.069305,0.050366,29.625,-1.6843,-5.5494,28.763,2.7445,37.996,4.3069,-4.4328
-3.5881,43.636,-7.3568,-0.06917,-0.070695,0.41137,-12.175,1.9371,-4.5494,-38.237,-0.85553,40.226,-5.4731,1.3672
-3.4649,-11.364,-2.5768,-0.06917,-0.034695,0.44237,11.325,-1.0172,-4.5494,-24.237,2.4445,38.086,-3.2331,4.9672
11.962,-11.364,6.9632,-0.06917,0.025305,-0.35863,2.4251,-0.88664,14.451,257.76,1.7445,12.066,5.4769,-3.4328
4.5871,-11.364,6.9632,-0.06917,0.1583,-0.34863,11.725,-1.0158,14.451,257.76,1.7445,-353.17,4.2869,-9.0328
-3.5253,-11.364,-0.32678,-0.06917,-0.1417,0.13237,-61.975,1.4923,-5.5494,-103.24,0.74447,27.056,-5.9331,1.6672
-3.4739,-11.364,-2.5768,-0.06917,-0.034695,-0.11763,21.425,-1.374,-4.5494,-24.237,2.4445,36.016,-0.32306,-2.4328
0.079586,-11.364,6.9632,-0.06917,0.1583,0.091366,19.825,-1.2279,14.451,257.76,1.7445,34.756,1.9969,-4.8328
21.433,-11.364,6.9632,-0.06917,0.1383,-0.29763,31.425,-2.2062,14.451,257.76,1.7445,40.226,14.117,-16.933
6.6195,-11.364,6.9632,-0.06917,0.059305,-0.099634,28.125,-1.6245,14.451,257.76,1.7445,23.026,5.3769,-7.9328
-3.5315,-11.364,2.7832,-0.06917,-0.1177,-0.27563,-26.275,1.7077,-5.5494,-119.24,-2.4555,40.226,-2.2531,-0.83281
0.083426,-11.364,6.9632,-0.06917,0.1633,-1.3216,22.825,-2.0427,14.451,257.76,1.7445,-40.644,1.3469,-0.63281
12.247,-11.364,6.9632,-0.06917,0.1243,-0.38863,26.825,-1.8854,14.451,257.76,1.7445,-348.99,11.737,-14.233
-3.2982,-11.364,-4.9368,-0.06917,-0.050695,1.9814,9.7251,-0.90064,-1.5494,-101.24,-1.0555,28.376,-8.5131,22.267
-3.4542,-11.364,-4.2268,-0.06917,-0.1067,-0.073634,-62.075,1.9259,-6.5494,-175.24,-0.55553,37.786,-5.2131,2.1672
-2.7883,8.6364,-7.1668,-0.06917,0.092305,1.0424,25.925,-1.7162,-4.5494,-144.24,-5.4555,36.746,-1.4031,8.4672
-3.3144,8.6364,-4.1768,-0.06917,-0.090695,-0.42863,-26.475,0.63396,-6.5494,-185.24,0.14447,31.976,0.34694,-1.4328
-3.5676,41.136,-5.8168,-0.06917,-0.1497,0.030366,-22.975,3.5222,-3.5494,-115.24,-1.8555,40.226,-5.0531,-0.23281
-3.5509,-11.364,0.79322,-0.06917,0.018305,0.30837,0.5251,-1.3164,-8.5494,-135.24,2.5445,35.316,-2.9831,-0.13281
-3.2554,-11.364,-4.9368,0.93083,-0.047695,0.66637,19.925,-0.93334,-1.5494,-101.24,-1.0555,35.026,-2.9431,4.1672
-3.5777,8.6364,-7.8068,-0.06917,-0.1118,1.5354,-4.0749,0.89966,-4.5494,-192.24,-3.5555,30.636,-8.8931,22.867
9.4616,-11.364,6.9632,-0.06917,0.025305,-0.57163,-11.875,-0.97134,14.451,257.76,1.7445,40.226,2.1069,-2.4328
-3.3848,-11.364,-2.5768,-0.06917,-0.034695,0.12037,16.825,-1.0803,-4.5494,-24.237,2.4445,-285.87,-2.0231,-3.9328
-3.5298,33.636,-7.6968,-0.06917,-0.1177,0.90037,-29.675,0.77166,-4.5494,-10.237,-3.2555,40.226,-7.2631,12.367
10.825,-11.364,6.9632,-0.06917,0.042305,0.56737,31.425,-2.3295,14.451,257.76,1.7445,-177.31,7.1269,4.9672
-2.6578,-11.364,-2.9968,-0.06917,-0.016695,-0.23763,20.225,0.65836,-5.5494,-101.24,2.5445,-50.294,4.6269,-7.7328
1.1986,-11.364,6.9632,-0.06917,0.1583,0.41637,21.425,-1.1975,14.451,257.76,1.7445,-101.44,3.7669,-6.1328
3.7536,-11.364,6.9632,-0.06917,0.1243,-0.091634,9.5251,-1.8594,14.451,257.76,1.7445,-259.94,8.8669,-11.533
-3.487,13.636,-6.0068,-0.06917,-0.1017,0.47737,-25.175,4.1859,-1.5494,-124.24,1.2445,38.906,-3.1531,2.4672
-3.594,6.1364,-9.7568,-0.06917,-0.1386,0.81937,-9.0749,5.4279,-6.5494,-192.24,0.14447,36.566,-4.6031,10.467
-3.583,43.636,-7.3568,-0.06917,-0.070695,0.58937,-40.475,2.6704,-4.5494,-38.237,-0.85553,31.296,-8.0431,8.6672
-3.5845,28.636,-9.8868,-0.06917,-0.1257,0.65437,-34.075,4.9971,-8.5494,-73.237,1.2445,33.176,-6.7631,4.0672
0.23618,-11.364,6.9632,0.93083,0.2153,0.11037,22.425,-1.2898,14.451,257.76,1.7445,34.666,0.61694,-0.83281
-3.4927,-11.364,-8.2468,-0.06917,-0.1097,1.7844,7.4251,-0.29984,-7.5494,-132.24,-0.45553,40.226,-8.4431,16.167
9.1888,-11.364,6.9632,-0.06917,0.1853,-0.43063,28.025,-1.8994,14.451,257.76,1.7445,-116.15,11.137,-11.733
2.0528,-11.364,6.9632,-0.06917,0.1853,-0.065634,31.425,-1.7902,14.451,257.76,1.7445,39.016,3.9369,-4.1328
2.6745,-11.364,6.9632,-0.06917,0.1853,0.056366,27.825,-1.723,14.451,257.76,1.7445,-38.664,5.1369,-7.6328
-3.2624,-11.364,-3.7568,-0.06917,-0.061695,-0.24363,-18.675,0.92606,-4.5494,-121.24,1.1445,40.226,-4.9531,-2.1328
-0.29247,-11.364,8.4432,0.93083,0.3163,-0.88163,31.425,-2.4734,-4.5494,-5.2372,-3.7555,40.226,14.167,-9.1328
-3.5761,-11.364,-5.9468,-0.06917,-0.039695,0.025366,-30.075,2.6634,-4.5494,-184.24,1.7445,32.726,-5.9031,-1.8328
-3.5586,-11.364,-5.9468,-0.06917,-0.039695,-0.29963,-23.175,1.0172,-4.5494,-184.24,1.7445,40.226,-2.9131,-3.5328
-3.5629,-11.364,-6.6468,-0.06917,-0.1057,0.10437,-20.575,0.98436,-6.5494,-161.24,0.044466,40.226,-3.0331,1.3672
-3.5304,-11.364,-8.6768,-0.06917,-0.066695,-0.68063,21.225,-0.80714,-6.5494,-215.24,-0.65553,34.326,1.3269,3.8672
-3.5985,68.636,-9.1268,-0.06917,-0.1197,0.35037,-38.875,4.549,-5.5494,-128.24,-1.4555,34.266,-6.6631,1.9672
1.2579,-11.364,6.9632,-0.06917,0.059305,0.19937,25.025,-1.4897,14.451,257.76,1.7445,39.536,6.0269,-5.8328
5.7254,-11.364,6.9632,-0.06917,0.1243,0.095366,27.025,-1.8268,14.451,257.76,1.7445,-295.95,11.427,-13.033
-3.5002,18.636,-6.2068,-0.06917,-0.1267,0.61237,-14.275,2.5411,-3.5494,-108.24,-1.8555,34.576,-1.2731,-0.53281
6.21,-11.364,6.9632,-0.06917,0.1163,0.50937,30.225,-2.437,14.451,257.76,1.7445,40.226,8.5869,-9.2328
1.2221,-11.364,6.9632,-0.06917,0.028305,-0.37963,-15.375,-0.64274,14.451,257.76,1.7445,31.546,-1.2031,-1.9328
5.5735,-11.364,6.9632,-0.06917,0.1453,-0.74863,31.425,-2.2146,14.451,257.76,1.7445,40.226,10.947,-11.233
-3.5575,-11.364,-8.6768,-0.06917,-0.066695,1.5464,-14.975,-0.59584,-6.5494,-215.24,-0.65553,35.956,-8.2031,27.467
8.3376,-11.364,6.9632,-0.06917,0.1043,-0.67663,31.425,-2.5098,14.451,257.76,1.7445,-24.584,-0.52306,5.3672
20.035,-11.364,6.9632,-0.06917,0.1163,0.095366,27.625,-2.4089,14.451,257.76,1.7445,40.226,11.037,-9.4328
-3.4627,-11.364,16.603,-0.06917,0.054305,-0.83063,24.125,-1.9741,-5.5494,302.76,1.6445,38.416,5.4069,-7.3328
-3.5445,-11.364,14.513,-0.06917,0.026305,-0.41463,1.1251,-1.5373,-7.5494,-220.24,0.64447,32.476,1.7169,-0.53281
-3.5784,83.636,-8.4568,-0.06917,-0.1386,1.5684,-35.375,1.323,-5.5494,-184.24,-3.7555,36.106,-8.8431,25.967
-3.5739,-11.364,-5.9468,-0.06917,-0.039695,-0.24763,-34.075,2.1903,-4.5494,-184.24,1.7445,40.226,-4.6431,-1.4328
16.471,-11.364,6.9632,-0.06917,0.1453,-1.9166,22.625,-2.3555,14.451,257.76,1.7445,-70.844,17.977,-13.733
0.80876,-11.364,6.9632,-0.06917,0.029305,-0.28163,25.925,-1.2547,14.451,257.76,1.7445,-25.384,8.6669,-3.4328
5.0312,-11.364,6.9632,-0.06917,0.1383,-0.091634,24.025,-2.0038,14.451,257.76,1.7445,40.226,2.5169,-8.7328
-3.4625,-11.364,-1.1268,-0.06917,-0.0076951,-0.26363,14.025,-1.0476,-3.5494,23.763,-0.65553,37.836,-2.3531,-3.3328
-3.4252,-11.364,-4.2268,-0.06917,-0.1067,-0.49863,-35.275,1.3054,-6.5494,-175.24,-0.55553,40.226,1.4969,-2.5328
-3.5197,1.1364,-3.2668,-0.06917,-0.030695,-0.39563,-29.575,1.6559,-4.5494,-97.237,-3.2555,33.826,3.0569,-0.83281
-2.8405,-11.364,-2.9968,-0.06917,-0.016695,0.21037,25.825,0.65966,-5.5494,-101.24,2.5445,31.266,0.14694,-4.1328
0.64779,-11.364,6.9632,-0.06917,0.2153,-0.17263,12.725,-1.2859,14.451,257.76,1.7445,34.066,0.016937,0.067194
-3.2443,-11.364,-1.2368,-0.06917,-0.010695,0.28237,18.725,-0.19274,-5.5494,-104.24,-0.055534,39.016,-3.3731,1.2672
-3.5106,18.636,-6.2068,-0.06917,-0.1267,0.073366,-15.675,3.2405,-3.5494,-108.24,-1.8555,16.076,-1.4331,-0.33281
-3.5862,-11.364,-4.0668,-0.06917,-0.085695,0.90037,-7.4749,1.1721,-7.5494,-166.24,-0.65553,36.156,-8.6231,12.167
-3.4222,10.636,-5.2768,-0.06917,-0.1237,-0.67963,1.6251,4.1599,-2.5494,-78.237,0.64447,32.456,5.8069,-4.0328
-3.5812,-11.364,-8.9568,-0.06917,-0.096695,0.71337,-22.775,2.2672,-6.5494,-186.24,0.24447,37.956,-9.7131,10.867
6.3113,-11.364,6.9632,-0.06917,0.1853,-0.033634,28.025,-1.597,14.451,257.76,1.7445,31.846,3.7869,-9.9328
-2.9569,8.6364,-7.1668,-0.06917,0.092305,0.55737,31.425,-1.7843,-4.5494,-144.24,-5.4555,35.256,-5.7531,7.5672
-3.5774,68.636,-6.1868,-0.06917,-0.1437,0.34537,-45.175,1.3217,-5.5494,-163.24,0.74447,40.226,-7.9531,5.3672
-3.4855,-11.364,-2.5768,-0.06917,-0.034695,0.18937,28.525,-1.3621,-4.5494,-24.237,2.4445,38.566,-0.38306,-2.7328
-3.5474,-11.364,-7.8968,-0.06917,-0.094695,-0.41663,-42.775,1.4196,-5.5494,21.763,-1.5555,25.766,-2.6831,-3.2328
-3.5265,-11.364,1.6932,-0.06917,-0.1177,-0.14463,-22.775,0.29546,-4.5494,-10.237,0.24447,30.286,-2.3831,-1.7328
-2.4206,-11.364,10.753,-0.06917,0.069305,0.041366,29.125,-1.524,-5.5494,28.763,2.7445,40.226,-0.39306,-2.9328
-3.3891,-11.364,-1.4468,-0.06917,0.030305,-0.25763,11.125,-1.2968,-3.5494,-17.237,0.74447,40.226,1.6769,-5.7328
-3.2724,-11.364,-3.7568,-0.06917,-0.061695,0.13037,-28.475,0.92606,-4.5494,-121.24,1.1445,40.226,-6.5331,2.4672
-3.5917,48.636,-8.2068,-0.06917,-0.1537,0.51537,-58.675,2.4246,-8.5494,-143.24,-2.8555,36.696,-7.6231,8.5672
-3.3838,-11.364,-0.54678,-0.06917,-0.065695,0.041366,-16.075,0.55986,-5.5494,-131.24,0.14447,38.196,-1.6831,1.8672
-2.8519,8.6364,-7.1668,-0.06917,0.092305,-0.72463,-5.7749,-1.8085,-4.5494,-144.24,-5.4555,35.726,-2.2031,0.26719
-3.4819,-11.364,-1.1268,-0.06917,-0.0076951,-0.10863,3.9251,-1.0649,-3.5494,23.763,-0.65553,36.626,-0.61306,-1.3328
15.996,-11.364,6.9632,-0.06917,0.1163,1.0284,29.325,-2.4787,14.451,257.76,1.7445,40.226,0.78694,-7.5328
-3.5791,71.136,-9.1068,-0.06917,-0.1397,-0.12263,-30.175,2.475,-7.5494,-60.237,-3.7555,37.096,-5.2231,1.5672
-3.4824,-11.364,-2.5768,-0.06917,-0.034695,-0.15763,16.625,-1.6726,-4.5494,-24.237,2.4445,31.016,1.4369,-2.1328
-3.2115,-11.364,-1.2368,-0.06917,-0.010695,0.097366,-1.3749,-0.26254,-5.5494,-104.24,-0.055534,38.536,-2.2931,0.56719
-1.6033,-11.364,8.4432,-0.06917,0.050305,1.6444,27.625,-1.7491,-4.5494,-5.2372,-3.7555,12.626,-8.9531,27.467
-3.5228,33.636,-7.6968,-0.06917,-0.1177,0.66637,-47.075,2.6848,-4.5494,-10.237,-3.2555,21.006,-7.5531,14.467
1.0553,-11.364,6.9632,-0.06917,0.1583,-0.30863,19.325,-1.2144,14.451,257.76,1.7445,-346.19,6.3569,-9.8328
-3.1381,-11.364,-1.2368,-0.06917,-0.010695,-0.17163,-9.7749,0.20686,-5.5494,-104.24,-0.055534,39.556,0.076937,-1.5328
-3.5653,68.636,-7.4968,-0.06917,-0.1627,-0.17663,-36.575,5.4253,-8.5494,-93.237,-2.0555,36.216,-6.0831,-0.63281
-3.5765,8.6364,-7.8068,-0.06917,-0.1118,0.68337,-31.375,1.4497,-4.5494,-192.24,-3.5555,35.556,-8.0631,12.867
-2.1172,-11.364,8.4432,-0.06917,0.3163,-0.88063,31.425,-2.2034,-4.5494,-5.2372,-3.7555,-15.074,0.62694,-2.9328
-3.5033,13.636,-6.0068,-0.06917,-0.1017,0.17137,-0.7749,3.4305,-1.5494,-124.24,1.2445,40.226,-5.9231,-0.33281
-3.521,18.636,-6.2068,-0.06917,-0.1267,0.32137,-26.375,2.3949,-3.5494,-108.24,-1.8555,27.106,-5.2831,0.76719
-3.4445,-11.364,14.513,-0.06917,0.026305,-0.29863,19.825,-1.8021,-7.5494,-220.24,0.64447,28.346,2.1569,-1.1328
-3.5445,-11.364,-8.9568,-0.06917,-0.096695,0.86237,-14.375,2.2672,-6.5494,-186.24,0.24447,40.226,-7.3231,13.667
-3.5411,48.636,-9.4468,-0.06917,-0.1437,-0.40063,-50.075,6.9153,-5.5494,2.7628,-0.15553,35.656,-4.8631,-3.9328
1.9675,-11.364,6.9632,-0.06917,0.1583,0.15137,19.325,-1.4792,14.451,257.76,1.7445,-256.48,3.5669,-8.2328
2.0565,-11.364,6.9632,0.93083,0.076305,0.39837,28.225,-2.4383,14.451,257.76,1.7445,18.656,-8.9231,27.467
2.9252,-11.364,6.9632,0.93083,0.076305,0.73137,28.925,-2.5926,14.451,257.76,1.7445,35.376,-9.6931,27.467
12.261,-11.364,6.9632,-0.06917,0.1163,0.26037,30.525,-2.2758,14.451,257.76,1.7445,40.226,8.4269,-11.633
-3.36,-11.364,-1.2368,-0.06917,-0.010695,-0.57963,9.1251,0.14996,-5.5494,-104.24,-0.055534,39.746,-1.1531,-6.3328
-3.4915,-11.364,-8.2468,-0.06917,-0.1097,0.34037,-10.775,-0.29984,-7.5494,-132.24,-0.45553,1.306,-6.0031,5.8672
-3.5175,28.636,-4.7268,-0.06917,-0.1077,0.56937,-25.775,0.47226,-5.5494,-154.24,-0.85553,40.226,-9.6731,9.4672
-2.9988,-11.364,-4.9368,-0.06917,-0.047695,0.33337,12.225,-0.52294,-1.5494,-101.24,-1.0555,40.226,-5.0531,7.5672
-3.3914,-11.364,-1.1268,-0.06917,-0.0076951,-0.19263,26.825,-1.247,-3.5494,23.763,-0.65553,40.226,4.4369,-3.8328
-3.4854,1.1364,-5.0668,-0.06917,-0.1457,-0.39963,-35.575,2.703,-5.5494,-63.237,0.44447,40.226,-3.8631,-1.6328
-3.0866,-11.364,-4.9368,-0.06917,-0.050695,2.4404,14.425,-0.90064,-1.5494,-101.24,-1.0555,25.326,-8.0231,27.467
-3.5523,28.636,-4.7268,0.93083,-0.1077,0.54137,-40.975,1.0678,-5.5494,-154.24,-0.85553,36.776,-8.4931,10.567
-3.324,-11.364,-0.54678,-0.06917,-0.065695,-0.87263,-58.775,-0.20754,-5.5494,-131.24,0.14447,-7.744,16.897,1.1672
-3.5385,21.636,-8.9568,-0.06917,-0.082695,1.1354,3.3251,-0.69584,-2.5494,-186.24,-0.055534,40.226,-6.1831,10.867
-3.2641,-11.364,-1.2368,-0.06917,-0.010695,-0.31263,8.1251,-0.69254,-5.5494,-104.24,-0.055534,39.566,-2.6831,-2.2328
-3.5557,-11.364,-8.6768,-0.06917,-0.066695,0.69537,-10.175,-0.96604,-6.5494,-215.24,-0.65553,40.226,-7.6131,14.667
-2.8108,-11.364,-2.9968,-0.06917,-0.016695,-0.82863,-31.975,0.0014573,-5.5494,-101.24,2.5445,-67.684,-0.96306,-2.3328
7.4739,-11.364,6.9632,-0.06917,0.1633,0.12637,31.425,-1.9361,14.451,257.76,1.7445,-37.924,2.3669,-5.8328
1.1388,-11.364,6.9632,-0.06917,0.1583,0.24037,17.925,-1.3592,14.451,257.76,1.7445,-305.75,5.4769,-8.4328
-3.4642,13.636,-6.0068,-0.06917,-0.1017,-0.54363,-2.3749,3.4304,-1.5494,-124.24,1.2445,38.436,0.49694,-3.8328
-3.5885,-11.364,-9.2468,-0.06917,-0.036695,0.25537,-8.8749,2.4719,-8.5494,13.763,-2.5555,33.286,-4.0031,-6.0328
-3.3597,-11.364,-4.2268,-0.06917,-0.1067,-0.88563,26.725,2.075,-6.5494,-175.24,-0.55553,40.226,18.157,-8.1328
-2.2255,-11.364,-2.9968,-0.06917,-0.016695,-0.33463,13.425,0.19496,-5.5494,-101.24,2.5445,-124.07,15.057,-9.3328
-3.5758,68.636,-9.6168,-0.06917,-0.1507,0.98937,-30.275,3.514,-7.5494,-79.237,-5.8555,35.526,-6.0331,12.067
-3.578,13.636,-6.2768,-0.06917,-0.1287,-0.11763,-21.875,1.6057,-5.5494,-127.24,0.54447,33.966,-5.1431,0.36719
-3.3994,10.636,-5.2768,-0.06917,-0.1237,0.15337,-59.675,3.6017,-2.5494,-78.237,0.64447,20.396,-9.0631,2.2672
4.4423,-11.364,6.9632,-0.06917,0.029305,-0.85763,26.825,-1.3652,14.451,257.76,1.7445,-4.094,5.4869,-8.7328
0.9284,-11.364,6.9632,-0.06917,0.2153,0.11337,19.425,-1.2768,14.451,257.76,1.7445,17.886,-4.8631,2.4672
-3.5793,-11.364,-5.9468,-0.06917,-0.039695,-0.41563,-22.275,1.4361,-4.5494,-184.24,1.7445,40.226,-2.8531,-3.0328
-3.5056,-11.364,-2.5768,-0.06917,-0.034695,-0.089634,-14.175,-1.0172,-4.5494,-24.237,2.4445,36.816,0.34694,-0.83281
-3.4155,-11.364,-0.54678,-0.06917,-0.065695,-0.10263,-26.175,0.15036,-5.5494,-131.24,0.14447,36.956,-3.1831,2.4672
11.564,-11.364,6.9632,-0.06917,0.1853,-0.13263,31.425,-1.8808,14.451,257.76,1.7445,-347.35,13.797,-13.833
-3.5463,-11.364,-7.8968,-0.06917,-0.094695,0.048366,-51.375,1.4196,-5.5494,21.763,-1.5555,18.536,-5.3131,0.067194
14.471,-11.364,6.9632,-0.06917,0.1243,0.14937,31.425,-1.9603,14.451,257.76,1.7445,-329.42,16.397,-15.333
-3.5317,-11.364,-8.2468,-0.06917,-0.1097,1.5354,-31.675,-0.29984,-7.5494,-132.24,-0.45553,36.856,-9.0831,21.267
-3.5519,-11.364,-6.7468,-0.06917,-0.1127,-0.38663,-16.275,4.2186,-6.5494,-56.237,0.34447,7.936,0.016937,-5.3328
-3.2058,-11.364,-4.9368,0.93083,-0.047695,-0.12063,22.725,-0.74704,-1.5494,-101.24,-1.0555,38.566,8.8069,-0.83281
-3.5088,28.636,-4.7268,0.93083,-0.1077,0.98237,-19.575,0.99216,-5.5494,-154.24,-0.85553,32.576,-6.6031,10.667
3.1042,-11.364,6.9632,-0.06917,0.1583,0.46437,24.025,-1.4714,14.451,257.76,1.7445,-356.35,4.7869,-9.1328
-3.5556,1.1364,-5.0668,-0.06917,-0.1457,-0.40663,-47.175,2.703,-5.5494,-63.237,0.44447,39.536,-4.5531,-0.53281
-3.4422,-11.364,-1.1268,-0.06917,-0.0076951,-0.35663,19.625,-1.3319,-3.5494,23.763,-0.65553,-11.764,3.1069,-4.2328
9.9087,-11.364,6.9632,-0.06917,0.076305,-2.4216,31.425,-2.2844,14.451,257.76,1.7445,-225.25,0.67694,0.56719
3.7904,-11.364,6.9632,-0.06917,0.042305,-0.66763,29.325,-2.3403,14.451,257.76,1.7445,-42.034,13.747,-5.3328
7.2207,-11.364,6.9632,-0.06917,0.1243,0.49737,22.225,-1.9755,14.451,257.76,1.7445,-335.1,13.137,-15.033
2.2076,-11.364,6.9632,-0.06917,0.1583,0.22837,21.325,-0.99344,14.451,257.76,1.7445,37.146,-2.3631,-2.3328
-3.5311,18.636,-6.2068,-0.06917,-0.1267,0.19637,-50.075,2.3949,-3.5494,-108.24,-1.8555,22.736,-6.2931,1.1672
-3.5209,22.636,-5.0468,-0.06917,-0.1217,0.21037,-50.175,1.6967,-2.5494,-79.237,-2.3555,26.936,-3.9831,3.8672
2.1176,-11.364,6.9632,-0.06917,-0.022695,0.77637,8.4251,-0.38444,14.451,257.76,1.7445,38.606,-5.6431,2.4672
-3.1656,-11.364,-4.9368,0.93083,-0.047695,0.44137,-2.0749,-0.14314,-1.5494,-101.24,-1.0555,3.526,-4.6031,6.4672
22.327,-11.364,6.9632,-0.06917,0.1243,-0.98063,20.525,-2.1475,14.451,257.76,1.7445,-229.31,13.987,-12.133
-3.5291,-11.364,-7.0868,-0.06917,-0.044695,-0.42563,0.1251,-1.0931,-4.5494,-112.24,-1.8555,36.556,-3.0131,0.067194
-3.542,-11.364,-6.6468,-0.06917,-0.1057,-0.16363,-11.775,-0.047443,-6.5494,-161.24,0.044466,38.476,-4.2131,-0.33281
-3.3886,1.1364,-3.2668,-0.06917,-0.030695,0.092366,25.725,2.5517,-4.5494,-97.237,-3.2555,35.846,7.7969,-7.5328
-3.2011,-11.364,-4.9368,-0.06917,-0.050695,0.87837,11.325,-0.57934,-1.5494,-101.24,-1.0555,15.406,-6.2931,9.0672
-2.6374,-11.364,10.753,-0.06917,0.069305,-0.52763,29.825,-1.449,-5.5494,28.763,2.7445,-93.914,4.6569,-6.9328
-3.5584,21.636,-8.9568,-0.06917,-0.082695,0.95137,-27.475,0.22696,-2.5494,-186.24,-0.055534,37.006,-5.7231,13.567
-3.5715,16.636,3.9032,-0.06917,-0.090695,0.15737,-14.975,-0.12914,-5.5494,-138.24,-0.25553,38.336,-4.4931,0.36719
-3.3451,-11.364,-1.4468,-0.06917,0.030305,-0.49063,2.0251,-0.90234,-3.5494,-17.237,0.74447,40.226,1.4469,-4.2328
-3.4777,-11.364,-0.54678,0.93083,-0.065695,-0.22063,-9.4749,0.44416,-5.5494,-131.24,0.14447,24.646,2.0069,1.8672
-1.7798,-11.364,8.4432,0.93083,0.050305,1.5174,29.625,-1.7543,-4.5494,-5.2372,-3.7555,32.936,-10.733,27.467
-3.5706,16.636,3.9032,-0.06917,-0.090695,-0.035634,8.7251,-0.18004,-5.5494,-138.24,-0.25553,40.226,-2.0631,-1.9328
3.4369,-11.364,6.9632,-0.06917,0.059305,-0.18163,16.525,-1.7732,14.451,257.76,1.7445,-354.15,10.637,-9.1328
2.2105,-11.364,6.9632,-0.06917,-0.022695,-0.042634,-3.8749,-0.37084,14.451,257.76,1.7445,40.226,-1.9131,0.46719
4.2258,-11.364,6.9632,-0.06917,0.1003,-0.075634,-3.1749,-0.83164,14.451,257.76,1.7445,40.226,0.56694,-1.1328
-3.473,-11.364,-0.54678,-0.06917,-0.065695,0.090366,-36.275,0.15036,-5.5494,-131.24,0.14447,29.136,-3.2731,5.5672
-3.0352,8.6364,-7.1668,-0.06917,0.020305,2.0124,-1.5749,-1.3734,-4.5494,-144.24,-5.4555,27.866,-5.2131,27.467
-3.4732,10.636,-5.2768,-0.06917,-0.1237,0.20237,-55.575,3.6017,-2.5494,-78.237,0.64447,39.606,-6.7531,1.8672
11.674,-11.364,6.9632,-0.06917,0.1163,0.36437,24.725,-2.4501,14.451,257.76,1.7445,6.346,10.587,-8.6328
-3.0635,8.6364,-7.1668,-0.06917,0.092305,0.92137,23.025,-1.8649,-4.5494,-144.24,-5.4555,31.216,-4.5531,13.967
-3.4181,-11.364,-0.32678,-0.06917,-0.1417,-0.039634,-62.375,1.4923,-5.5494,-103.24,0.74447,20.496,-5.1131,0.86719
6.1107,-11.364,6.9632,-0.06917,0.1853,0.12137,28.625,-1.7299,14.451,257.76,1.7445,29.286,6.8669,-5.4328
-3.486,18.636,-6.2068,-0.06917,-0.1267,0.10837,-60.775,3.2405,-3.5494,-108.24,-1.8555,18.036,-7.4631,1.1672
25.042,-11.364,6.9632,-0.06917,0.042305,-1.1296,31.425,-2.2056,14.451,257.76,1.7445,-145.7,7.4269,-6.2328
8.4347,-11.364,6.9632,-0.06917,0.059305,-0.63663,19.025,-1.8438,14.451,257.76,1.7445,-65.124,1.4469,-1.7328
6.4488,-11.364,6.9632,-0.06917,0.029305,0.54837,25.725,-1.7068,14.451,257.76,1.7445,-275.34,7.0369,-8.4328
-3.5837,-11.364,-8.9568,-0.06917,-0.096695,0.14537,-9.8749,2.2672,-6.5494,-186.24,0.24447,37.446,-7.4431,6.1672
-3.5848,16.636,3.9032,-0.06917,-0.090695,-0.073634,-39.675,-0.12914,-5.5494,-138.24,-0.25553,39.656,-6.4431,2.4672
-3.3239,-11.364,-1.4468,-0.06917,0.030305,-0.89463,4.3251,-0.99644,-3.5494,-17.237,0.74447,40.226,8.4869,-2.8328
4.379,-11.364,6.9632,-0.06917,0.1453,-0.76463,31.425,-2.2619,14.451,257.76,1.7445,40.226,11.907,-10.233
-1.9849,-11.364,10.753,-0.06917,0.069305,-1.2656,31.425,-2.3556,-5.5494,28.763,2.7445,40.226,21.757,-8.1328
5.1786,-11.364,6.9632,-0.06917,0.029305,-0.71963,2.0251,-1.7315,14.451,257.76,1.7445,-353.02,4.5069,-10.833
-2.8877,-11.364,-2.9968,-0.06917,-0.016695,-0.55763,0.9251,0.0014573,-5.5494,-101.24,2.5445,34.276,-1.3731,-4.3328
5.7771,-11.364,6.9632,-0.06917,0.1853,-0.65763,25.325,-1.9778,14.451,257.76,1.7445,40.226,10.227,-9.7328
-2.6111,-11.364,-2.9968,-0.06917,-0.016695,0.38937,18.725,0.44396,-5.5494,-101.24,2.5445,23.556,-0.67306,-1.5328
-0.13924,-11.364,6.9632,0.93083,0.1633,2.4954,14.325,-1.8903,14.451,257.76,1.7445,-2.124,-7.3631,-0.63281
-3.3153,-11.364,-4.9368,-0.06917,-0.050695,1.4014,-51.575,-0.41994,-1.5494,-101.24,-1.0555,20.836,-8.7331,24.167
-3.5469,-11.364,-7.0868,-0.06917,-0.044695,0.26137,-35.475,-0.66274,-4.5494,-112.24,-1.8555,34.286,-7.3231,6.8672
13.198,-11.364,6.9632,-0.06917,0.1453,-1.0076,29.525,-2.3689,14.451,257.76,1.7445,40.226,18.157,-15.333
7.0583,-11.364,6.9632,-0.06917,0.1853,0.17437,26.225,-1.8071,14.451,257.76,1.7445,-313.61,11.327,-10.733
1.4766,-11.364,6.9632,-0.06917,0.1583,0.012366,23.225,-1.4268,14.451,257.76,1.7445,28.416,4.6169,-6.4328
3.1876,-11.364,6.9632,-0.06917,0.1583,-0.20363,15.825,-1.0775,14.451,257.76,1.7445,40.226,2.0469,-2.5328
-3.4861,-11.364,-4.2268,-0.06917,-0.1067,0.48537,-65.675,1.9259,-6.5494,-175.24,-0.55553,28.736,-7.8131,4.0672
-3.4992,-11.364,-2.5768,-0.06917,-0.034695,0.49637,2.7251,-0.93894,-4.5494,-24.237,2.4445,38.906,-4.9831,3.9672
0.60887,-11.364,6.9632,0.93083,0.2153,-0.48163,20.425,-1.8903,14.451,257.76,1.7445,-3.634,1.9869,-5.7328
-3.478,1.1364,-5.0668,-0.06917,-0.1457,-0.69063,-31.775,2.703,-5.5494,-63.237,0.44447,40.226,0.43694,-5.1328
-3.5598,-11.364,2.7832,-0.06917,-0.1177,0.26437,-17.575,2.1654,-5.5494,-119.24,-2.4555,36.176,-5.2631,4.5672
-1.4643,-11.364,8.4432,-0.06917,0.3163,-0.57563,29.925,-2.1718,-4.5494,-5.2372,-3.7555,-94.724,3.1369,-3.1328
-3.2737,10.636,-5.2768,-0.06917,-0.1237,-0.17663,-33.675,4.2605,-2.5494,-78.237,0.64447,33.506,-3.4931,1.7672
10.807,-11.364,6.9632,-0.06917,0.1853,0.17637,24.725,-1.7924,14.451,257.76,1.7445,-329.18,5.3969,-12.933
-3.4435,1.1364,-3.2668,-0.06917,-0.030695,-0.28063,17.325,2.7971,-4.5494,-97.237,-3.2555,30.036,4.4469,-3.6328
-3.2314,-11.364,-4.9368,-0.06917,-0.050695,1.7554,17.925,-0.57934,-1.5494,-101.24,-1.0555,30.706,-9.5231,15.067
-3.5348,33.636,-7.6968,-0.06917,-0.1177,0.49737,-27.475,-0.0064427,-4.5494,-10.237,-3.2555,37.196,-5.9731,9.4672
-3.5769,13.636,-6.2768,-0.06917,-0.1287,0.017366,-36.375,1.6057,-5.5494,-127.24,0.54447,40.226,-5.9331,2.2672
-3.552,-11.364,-5.9468,-0.06917,-0.039695,-0.31663,-10.075,1.0172,-4.5494,-184.24,1.7445,40.226,-3.3631,-3.8328
-3.069,-11.364,10.753,-0.06917,0.069305,-0.13363,29.325,-2.1263,-5.5494,28.763,2.7445,40.226,5.8069,-4.7328
-1.2342,-11.364,8.4432,-0.06917,0.3163,-0.15463,31.425,-2.3759,-4.5494,-5.2372,-3.7555,-183.76,15.147,-8.7328
-3.5569,-11.364,-7.7268,-0.06917,-0.065695,0.72237,17.725,-0.37334,-7.5494,-138.24,-0.65553,40.226,-7.1531,1.0672
3.4091,-11.364,6.9632,-0.06917,0.1633,-0.27863,26.725,-1.9204,14.451,257.76,1.7445,-36.694,3.0469,-8.3328
-2.3401,-11.364,8.4432,0.93083,0.050305,-0.034634,24.025,-1.9966,-4.5494,-5.2372,-3.7555,-17.754,-7.1531,4.4672
