TPSA(Tot),SAacc,H-050,MLOGP,RDCHI,GATS1p,nN,C-040,LC50
-1.0449217881529578,-0.8666676277469504,-0.5765609254074373,0.06576628737765344,-1.567528111936031,-0.9623594306983387,-0.7230877231129443,-0.4428865992250682,3.74
-1.0449217881529578,-0.8666676277469504,-0.5765609254074373,0.1907915483532797,-1.351271259435253,-1.049575400281802,-0.7230877231129443,-0.4428865992250682,4.33
-0.8481477575372022,-0.7061301990203206,-0.5765609254074373,1.9953799042617495,0.5274601466652582,-1.413390587687106,-0.7230877231129443,-0.4428865992250682,7.019
-0.8481477575372022,-0.7061301990203206,-0.5765609254074373,1.7978514097523124,0.47462466565654515,-1.3909636240799297,-0.7230877231129443,-0.4428865992250682,6.723
-0.8481477575372022,-0.7061301990203206,-0.5765609254074373,1.0071665401119354,0.31611822263040656,-0.8925866550315684,-0.7230877231129443,-0.4428865992250682,5.979
3.545903753861866,3.914852121005502,1.2663748897341927,-1.207321986483747,2.674055154158778,0.6972358762327044,-0.7230877231129443,4.4862347227202495,6.064
-0.8481477575372022,-0.7061301990203206,-0.5765609254074373,0.23931733457669627,-0.22083771227209373,0.27859922223208106,-0.7230877231129443,-0.4428865992250682,7.337
-1.0449217881529578,-0.8666676277469504,-0.5765609254074373,0.5498823664065626,-0.22452390862153895,-0.22476151650676413,-0.7230877231129443,-0.4428865992250682,4.1
-1.0449217881529578,-0.8666676277469504,-0.5765609254074373,-0.1351875567475541,-0.8610071449590567,0.49040943407763454,-0.7230877231129443,-0.4428865992250682,3.941
-1.0449217881529578,-0.8666676277469504,-0.5765609254074373,0.25244784143715027,-1.0244285164511222,0.8641921608639054,-0.7230877231129443,-0.4428865992250682,3.809
-1.0449217881529578,-0.8666676277469504,-0.5765609254074373,0.46824486723069714,-0.8610071449590567,0.9065542032330164,-0.7230877231129443,-0.4428865992250682,4.34
-0.7884546604923359,-0.6038094796746478,0.037751012973106006,-0.8488020600330926,-0.8610071449590567,1.0834780272451845,-0.010614131715419355,-0.4428865992250682,3.93
0.4403703801026972,0.5553291329784285,-0.5765609254074373,0.46710308402544015,1.5018447150352416,0.5153282825300527,-0.7230877231129443,2.021674061747591,7.371
-0.5377436529038976,-0.4133829005814601,-0.5765609254074373,-1.261556688733448,-1.4335963112395262,0.1540049799699906,-0.010614131715419355,0.7893937312612613,3.78
0.9194074838877492,0.6963393726472189,0.037751012973106006,1.125341101856021,2.0560028995684863,0.30102618583925705,-0.010614131715419355,0.7893937312612613,4.112
-1.0449217881529578,-0.8666676277469504,-0.5765609254074373,0.3123914597131355,-0.6287767749440164,-0.28705863763780937,-0.7230877231129443,-0.4428865992250682,3.533
-1.0449217881529578,-0.8666676277469504,-0.5765609254074373,-0.6786763624498202,-1.8439928381444124,-1.1592183334724417,-0.7230877231129443,-0.4428865992250682,4.632
-0.2874590245800653,-0.17861880253631776,-0.5765609254074373,1.2988921490550636,1.6886119967404594,0.17643194357716716,-0.7230877231129443,0.7893937312612613,7.693
-0.6810070858115767,-0.4996936599895772,-0.5765609254074373,-1.1999003956495775,-1.567528111936031,1.5120822206267752,-0.7230877231129443,-0.4428865992250682,0.673
-0.31709238347019536,-0.13271969223220415,-0.5765609254074373,-1.2718327375807597,-1.0404020339653843,1.095937451471394,-0.7230877231129443,-0.4428865992250682,3.323
0.39432141952522903,0.6507467428888561,0.037751012973106006,0.5139161954409717,1.0361552428886793,-0.28705863763780937,-0.7230877231129443,0.7893937312612613,2.955
0.006742667998204198,0.38609349447715585,0.6520629513536494,-0.7100754005943839,-0.2810455859796972,-0.11511858331612479,-0.010614131715419355,0.7893937312612613,4.216
1.5606818978554555,1.4033753973827012,0.6520629513536494,-0.5125469060849469,1.2413535063411227,1.0037377121974467,2.8392802338746805,2.021674061747591,2.593
-0.6513737269214466,-0.5455927702936909,-0.5765609254074373,-0.5947552968634409,-0.43463710053990906,1.3027638936264638,-0.7230877231129443,-0.4428865992250682,2.272
-0.9758483472867554,-0.8210749979885875,-0.5765609254074373,3.9072958814643637,3.6816154896737676,1.2604018512573527,-0.010614131715419355,-0.4428865992250682,5.96
-0.7884546604923359,-0.6038094796746478,0.037751012973106006,2.525738203103561,2.3238665009614956,1.2479424270311439,-0.010614131715419355,-0.4428865992250682,6.537
0.11845403532502544,-0.2678922072200264,-0.5765609254074373,1.9103170554701132,1.874150546329195,1.3002720087812216,-0.7230877231129443,-0.4428865992250682,7.1
1.475406044934218,2.614980560605981,2.494998766495279,-0.058688081995344435,1.6333190514987832,0.40070157964892944,-0.7230877231129443,-0.4428865992250682,6.424
-0.24972445966241777,0.12323534640485337,0.037751012973106006,0.5287593771093108,0.15884051172074953,0.2810911070773226,-0.7230877231129443,0.7893937312612613,4.355
-0.9758483472867554,-0.8210749979885875,-0.5765609254074373,1.2423738803948494,0.9304842808712538,0.6399225247921431,-0.010614131715419355,-0.4428865992250682,5.721
-0.7790743166709998,-0.6605375692619577,-0.5765609254074373,0.8695816638784838,1.0582724209853502,0.7969112700423768,-0.010614131715419355,-0.4428865992250682,5.102
-1.0449217881529578,-0.8666676277469504,-0.5765609254074373,-0.04441579192963372,-1.5183788272767635,-1.2040722606867942,-0.7230877231129443,-0.4428865992250682,3.718
-1.0449217881529578,-0.6483367246787339,-0.5765609254074373,-0.15859411245531996,-1.5183788272767635,-0.8253057642100395,-0.7230877231129443,-0.4428865992250682,3.577
-0.0725638752185467,-0.45410103023121445,-0.5765609254074373,0.40430500773631284,0.06914306721758588,-0.379258376911756,-0.010614131715419355,-0.4428865992250682,6.458
-0.7884546604923359,-0.6038094796746478,0.037751012973106006,-0.40921552600920097,-1.0404020339653843,1.6914979294841854,-0.010614131715419355,-0.4428865992250682,2.352
0.8057774098702001,0.905256944667374,1.2663748897341927,-0.9104583531169631,0.5372900035971118,0.9040623183877743,0.7018594596821056,-0.4428865992250682,2.958
1.778135322804611,1.9986627774127466,0.6520629513536494,1.241232097189592,3.0512759139186585,0.08423220430321994,2.1268066424771557,-0.4428865992250682,5.44
-0.18235653585464,0.37920497935361325,0.6520629513536494,1.6848148724318828,0.6147001269354582,-1.4158824725323478,-0.7230877231129443,-0.4428865992250682,4.838
-1.0449217881529578,-0.8666676277469504,-0.5765609254074373,1.7978514097523124,0.41318805983246065,-0.792911261221896,-0.7230877231129443,-0.4428865992250682,6.858
-0.613639162003799,-0.24373862135251978,0.037751012973106006,0.9232454745255563,-0.008267056120760525,0.43807985232755686,-0.7230877231129443,-0.4428865992250682,6.36
-0.18235653585464,0.37920497935361325,0.6520629513536494,0.5721471389090715,0.40704439925005176,-0.33938821938788705,-0.7230877231129443,-0.4428865992250682,4.301
-1.0449217881529578,-0.8666676277469504,-0.5765609254074373,0.5453152335855351,-0.5562815800715964,0.14403744058902337,-0.7230877231129443,-0.4428865992250682,3.772
-0.4902023649003076,-0.3865585556724106,0.6520629513536494,-0.06325521481637189,-0.5771700260517851,-0.15249685599475166,-0.010614131715419355,-0.4428865992250682,4.179
-0.6810070858115767,-0.4996936599895772,-0.5765609254074373,-0.20369454906296583,-0.6091170610803095,0.5551984400539216,-0.7230877231129443,-0.4428865992250682,3.061
-1.0449217881529578,-0.8666676277469504,-0.5765609254074373,0.5498823664065626,-0.469041599801396,0.49040943407763454,-0.7230877231129443,-0.4428865992250682,4.867
-1.0449217881529578,-0.8666676277469504,-0.5765609254074373,0.6109677678878048,-0.4702703319178781,0.37578273119651134,-0.7230877231129443,-0.4428865992250682,3.522
-0.6810070858115767,-0.4996936599895772,-0.5765609254074373,-1.4961931374137332,-1.6535393600897497,1.71143300824612,-0.7230877231129443,-0.4428865992250682,0.55
-0.42453995815095463,-0.23683551191727473,0.037751012973106006,0.44084207030453243,-0.07707605464373547,-0.6982196371027073,-0.010614131715419355,0.7893937312612613,4.714
-0.24972445966241777,0.12323534640485337,0.037751012973106006,-1.2392919162309393,-1.351271259435253,1.3177152026979146,-0.7230877231129443,0.7893937312612613,3.17
-0.18235653585464,0.37920497935361325,0.6520629513536494,-0.9121710279248484,-0.900326572686471,1.3476178208408163,-0.7230877231129443,-0.4428865992250682,1.22
-1.0449217881529578,-0.8666676277469504,-0.5765609254074373,-0.04441579192963372,-1.351271259435253,-0.5661497403048917,-0.7230877231129443,-0.4428865992250682,3.631
1.1652151299332163,0.8774255922508573,0.037751012973106006,0.7091611235398947,0.42547538099727733,0.39322592511320426,1.4143330510796306,-0.4428865992250682,3.725
1.3400306284217534,1.2374964505729853,0.037751012973106006,0.22732861092149928,0.15392558325482275,-0.015443189506452421,0.7018594596821056,-0.4428865992250682,6.0
-0.22776592753519906,-0.07629808319064502,0.037751012973106006,0.04978132250405737,0.1367233336240793,0.5975604824230321,-0.010614131715419355,-0.4428865992250682,6.32
0.5597565741924296,0.7599559773580716,0.6520629513536494,-0.870495940932973,0.2559103489228036,-0.06029711672080499,0.7018594596821056,2.021674061747591,2.201
-0.6810070858115767,-0.4996936599895772,-0.5765609254074373,-1.1999003956495775,-1.4335963112395262,1.5120822206267752,-0.7230877231129443,-0.4428865992250682,2.815
0.823898528615963,1.1764630390334614,1.2663748897341927,-0.4080737428039441,1.2450397026905673,0.7121871853041553,0.7018594596821056,0.7893937312612613,3.819
-0.24972445966241777,0.12323534640485337,0.037751012973106006,-0.9806780202402602,-1.1350144069344748,1.262893736102595,-0.7230877231129443,0.7893937312612613,3.16
0.0033316338813547688,-0.057442232471117204,-0.5765609254074373,1.0642557003747788,1.0177242611414543,-0.027902613732661192,1.4143330510796306,-0.4428865992250682,4.72
0.9390209300596338,1.4342131780099165,0.6520629513536494,-0.16544481168686115,1.5559089281604361,0.3384044585178845,-0.7230877231129443,-0.4428865992250682,4.333
-1.0449217881529578,-0.8666676277469504,-0.5765609254074373,0.47623734966749504,-1.21856819085523,1.6117576144364476,-0.7230877231129443,-0.4428865992250682,3.87
-0.24972445966241777,0.12323534640485337,0.037751012973106006,-0.7466124631626034,-0.9273586792490683,1.230499233114451,-0.7230877231129443,0.7893937312612613,3.358
-0.24972445966241777,0.12323534640485337,0.037751012973106006,-0.13918379796595318,-0.5415367946738161,1.1856453059000984,-0.7230877231129443,0.7893937312612613,3.08
-0.613639162003799,-0.24373862135251978,0.037751012973106006,-0.01701299500346902,-0.6091170610803095,1.3526015905313,-0.7230877231129443,-0.4428865992250682,3.115
0.07645567776131597,0.1883551652210554,-0.5765609254074373,1.389093022270356,1.7279314244678736,1.3501097056860578,-0.7230877231129443,2.021674061747591,5.749
0.07645567776131597,0.1883551652210554,-0.5765609254074373,1.7824373364813446,1.7107291748371296,0.869175930554389,-0.7230877231129443,2.021674061747591,4.55
0.11845403532502544,-0.2678922072200264,-0.5765609254074373,1.6579829671083468,1.4625252873078274,1.3251908572336397,-0.7230877231129443,-0.4428865992250682,6.383
-1.0449217881529578,-0.8666676277469504,-0.5765609254074373,0.692034375461042,-1.0109124631698236,1.5295254145434682,-0.7230877231129443,-0.4428865992250682,4.34
0.6968375077633192,0.8181726867390284,0.037751012973106006,1.790429818918143,2.6077036198687673,1.1557426877571968,-0.010614131715419355,3.2539543922339202,4.85
-0.613639162003799,-0.24373862135251978,0.037751012973106006,1.5900468663955636,0.6736792685265796,0.4829337795419094,-0.7230877231129443,-0.4428865992250682,6.064
-0.613639162003799,-0.24373862135251978,0.037751012973106006,1.4438986161226852,0.506571700685069,0.43807985232755686,-0.7230877231129443,-0.4428865992250682,6.36
0.02614292453778582,-0.4775394948253023,-0.5765609254074373,0.538464534353994,0.35420891824133927,0.38076650088699493,-0.010614131715419355,0.7893937312612613,6.074
-0.613639162003799,-0.24373862135251978,0.037751012973106006,-0.20769079028136492,-0.6189469180121628,1.3874879783646854,-0.7230877231129443,-0.4428865992250682,3.226
1.575391982484369,2.2059749751456352,1.2663748897341927,-0.8196865882990427,1.3384233435431763,1.0186890212688975,1.4143330510796306,0.7893937312612613,2.626
-0.0725638752185467,-0.45410103023121445,-0.5765609254074373,-0.016442103400840652,-0.06847492982836402,0.5900848278873069,-0.010614131715419355,-0.4428865992250682,4.474
-0.09729387256570551,-0.6216875115101134,-0.5765609254074373,0.13427327969306518,-0.8118578602997889,-0.33191256485216164,-0.010614131715419355,0.7893937312612613,5.429
-0.22776592753519906,-0.07629808319064502,0.037751012973106006,-0.3235817856149363,-0.0352991626833581,-1.0346240912103513,-0.010614131715419355,-0.4428865992250682,6.848
0.4503902928209426,-0.123700407600108,1.2663748897341927,-0.9783944538297464,-0.727075344262552,-0.36430706784030514,0.7018594596821056,-0.4428865992250682,3.85
0.07645567776131597,0.1883551652210554,-0.5765609254074373,0.7502653189291417,0.8555316217658705,0.7545492276732664,-0.7230877231129443,2.021674061747591,4.878
0.07645567776131597,0.1883551652210554,-0.5765609254074373,1.0202970469723898,1.3113912369805791,0.24122094955345363,-0.7230877231129443,2.021674061747591,5.19
-0.8481477575372022,-0.7061301990203206,-0.5765609254074373,-0.01701299500346902,-0.43095090419046383,1.7463193960795054,-0.7230877231129443,-0.4428865992250682,3.7
-0.06105163507417965,-0.06399507842550416,-0.5765609254074373,-0.11063921783453173,1.6775534076921241,1.165710227138164,-0.7230877231129443,-0.4428865992250682,5.291
0.11845403532502544,-0.2678922072200264,-0.5765609254074373,0.8210558776550673,0.7805789626604872,1.7936652081390994,-0.7230877231129443,-0.4428865992250682,6.042
-1.0449217881529578,-0.8666676277469504,-0.5765609254074373,0.7182953891819496,-0.2699869969313616,0.24122094955345363,-0.7230877231129443,-0.4428865992250682,5.548
-0.0725638752185467,-0.45410103023121445,-0.5765609254074373,-0.18999315059988348,-0.2540134794170996,0.5527065552086795,-0.010614131715419355,-0.4428865992250682,4.608
1.5402156931543587,-0.7754677739185222,-0.5765609254074373,0.32266750856044735,0.7302009458847378,-0.4764418858761866,0.7018594596821056,-0.4428865992250682,6.188
0.9778214431387967,1.3151527831415668,-0.5765609254074373,1.0865204728772875,0.6712218042936164,0.572641633970614,1.4143330510796306,-0.4428865992250682,6.24
-0.613639162003799,-0.24373862135251978,0.037751012973106006,-1.117121113268455,-1.4335963112395262,1.7812057839128905,-0.7230877231129443,-0.4428865992250682,0.935
-0.1586924866689966,-0.030705453432282138,0.037751012973106006,-0.8961860630512524,0.05808447816925076,1.9930159957584441,0.7018594596821056,-0.4428865992250682,3.25
-0.2177460148169537,-0.8666676277469504,0.037751012973106006,-0.5365243533953409,-1.4335963112395262,0.3957178099584458,-0.7230877231129443,-0.4428865992250682,6.102
0.803645513547169,-0.4699212641166387,-0.5765609254074373,-0.13918379796595318,-0.1311402677689301,0.08672408914846202,-0.7230877231129443,-0.4428865992250682,6.579
0.9230317076369018,0.16866743873448958,0.6520629513536494,-0.06211343161111515,0.7142274283704754,-0.135053662078059,1.4143330510796306,-0.4428865992250682,7.044
1.0573411759878508,-0.028078477325846382,-0.5765609254074373,-0.14260914758172388,0.47953959412247193,0.9688513243640614,1.4143330510796306,-0.4428865992250682,9.14
-0.09729387256570551,-0.6216875115101134,-0.5765609254074373,-0.35840617337527064,-1.21856819085523,-0.6832683280312565,-0.010614131715419355,0.7893937312612613,5.308
0.15213799722891422,-0.3409513316023453,0.6520629513536494,-0.9783944538297464,-0.7639373077570029,-0.13006989238757563,0.7018594596821056,-0.4428865992250682,2.838
0.15213799722891422,-0.3409513316023453,0.6520629513536494,-0.2048363322682227,-0.04881521596465689,-0.6184793220549694,0.7018594596821056,-0.4428865992250682,3.351
0.29241677528434995,0.39395982848476074,0.6520629513536494,-0.017583886606097388,-0.027926769984467654,0.5003769734586018,2.8392802338746805,-0.4428865992250682,3.331
0.7995949105334103,0.8472445556502509,0.6520629513536494,-0.1557396544421776,0.21904838542835248,0.3608314221250605,3.551753825272206,0.7893937312612613,6.447
-0.613639162003799,-0.24373862135251978,0.037751012973106006,-1.4134138550326107,-1.6535393600897497,2.137545316782469,-0.7230877231129443,-0.4428865992250682,0.59
1.250064603589848,1.744502839115087,-0.5765609254074373,1.0933711721088288,1.7746232448941777,0.061805240696043935,-0.010614131715419355,2.021674061747591,5.03
-0.48423305519582094,-0.33915623126294747,-0.5765609254074373,-0.7466124631626034,-0.9556195179281471,1.8734055231868372,-0.7230877231129443,0.7893937312612613,2.827
0.07645567776131597,0.1883551652210554,-0.5765609254074373,-0.8659288081119455,-0.34125345968730014,1.8609460989606286,-0.7230877231129443,2.021674061747591,2.899
1.9026380680696178,0.39038422211766755,-0.5765609254074373,-1.034912722489961,0.43407650581264934,0.2312534101724864,-0.7230877231129443,2.021674061747591,8.349
0.07645567776131597,0.1883551652210554,-0.5765609254074373,0.15596716059294544,0.25345288468983995,0.6473981793278683,-0.7230877231129443,2.021674061747591,3.603
0.07069955768913236,0.0445720063288048,-0.5765609254074373,-0.9915249606902002,-0.321593745823593,1.2180398088882423,-0.010614131715419355,0.7893937312612613,2.668
-0.8481477575372022,-0.7061301990203206,-0.5765609254074373,-0.8585072172777759,-1.21856819085523,2.3667987225447153,-0.7230877231129443,-0.4428865992250682,1.73
1.0952889305378015,0.4727253287427263,-0.5765609254074373,0.21591077886893068,0.4942843795202523,1.9182594504011898,-0.010614131715419355,-0.4428865992250682,9.141
1.3206303718821717,-0.6646385708503382,-0.5765609254074373,0.448263661138702,0.6319023765662022,-0.4091609950546577,-0.7230877231129443,-0.4428865992250682,6.442
0.9882677351216486,-0.07367110708420925,-0.5765609254074373,0.07375876981445136,0.5090291649180326,0.8492408517924546,0.7018594596821056,-0.4428865992250682,8.564
1.4154997582570485,0.17700079071657188,-0.5765609254074373,-0.046128466737519074,0.4942843795202523,0.6025442521135157,-0.010614131715419355,-0.4428865992250682,8.15
0.7134662990829606,-0.31865122332104623,-0.5765609254074373,0.5190542198646274,0.37509736422152795,0.29604241614877347,-0.010614131715419355,-0.4428865992250682,8.849
1.3206303718821717,-0.6646385708503382,-0.5765609254074373,-0.18999315059988348,0.02367997890776329,-0.10265915908991546,-0.7230877231129443,-0.4428865992250682,8.207
0.33292280542193775,0.45119871898165537,0.037751012973106006,-0.3726784634409814,0.3492939897754125,0.7296303792208483,-0.010614131715419355,2.021674061747591,3.072
-0.5916806298765802,-0.44327205094801814,0.037751012973106006,0.29811916964742474,0.2559103489228036,0.32594503429167515,-0.010614131715419355,-0.4428865992250682,5.036
0.5844865715395888,-0.7656458021427931,-0.5765609254074373,0.23931733457669627,0.0642281387516591,-0.5437227766977154,-0.7230877231129443,-0.4428865992250682,7.483
-0.2177460148169537,-0.8666676277469504,0.037751012973106006,-0.8328170951594965,-1.6535393600897497,0.3085018403749828,-0.7230877231129443,-0.4428865992250682,5.562
-0.0725638752185467,-0.45410103023121445,-0.5765609254074373,-0.4137826588302284,-0.12745407141948542,0.27112356769635537,-0.010614131715419355,-0.4428865992250682,4.437
1.3206303718821717,-0.6646385708503382,-0.5765609254074373,-0.5610726923083635,-0.12131041083707653,-0.16246439537571888,-0.7230877231129443,-0.4428865992250682,7.128
3.089038371836336,3.990757136169792,2.494998766495279,-1.3945744321458724,2.7391779563323086,1.2404667724954184,-0.010614131715419355,0.7893937312612613,3.277
2.794197110361157,3.6693903924824847,2.494998766495279,-1.233583000204655,2.831332865068435,1.3550934753765416,0.7018594596821056,0.7893937312612613,3.795
2.8545297763029325,3.5283655585019913,1.880686828114736,-1.294668401685897,2.773582455593796,1.3226989723883982,-0.010614131715419355,0.7893937312612613,4.602
0.008448185056628912,0.17215547923136823,0.037751012973106006,1.4027944207334382,1.2733005413696465,0.2337452950177285,0.7018594596821056,2.021674061747591,4.307
-0.4902023649003076,-0.3865585556724106,0.6520629513536494,-0.06325521481637189,-0.5464517231397429,-0.15249685599475166,-0.010614131715419355,-0.4428865992250682,6.13
-0.7701203521142699,-0.6216875115101134,-0.5765609254074373,-0.44004367255113624,-0.5464517231397429,0.3732908463512698,-0.010614131715419355,-0.4428865992250682,3.481
0.6141199304297186,0.5834961545641006,1.880686828114736,0.42485710543093635,0.38369848903689996,-0.6533657098883547,2.1268066424771557,-0.4428865992250682,4.632
0.544833299931213,1.28092912219939,0.6520629513536494,-0.293895422278258,1.071788474266649,0.30351807068449915,1.4143330510796306,0.7893937312612613,3.432
-0.5428602040791718,-0.40849380616114916,-0.5765609254074373,-1.2238778429599715,-0.9838803566072263,2.5885764737712362,0.7018594596821056,-0.4428865992250682,1.601
0.20351669861395993,0.2419892607274521,-0.5765609254074373,-0.3743911382488667,0.2313357065931697,1.5494604933054026,2.1268066424771557,-0.4428865992250682,7.037
-0.22264937635992477,-0.7754677739185222,-0.5765609254074373,-0.9783944538297464,-0.9838803566072263,0.340896343363126,0.7018594596821056,-0.4428865992250682,2.232
0.2629966060265231,-0.3409513316023453,0.6520629513536494,-1.471073906898082,-1.2603450828156073,-0.44155549804280125,0.7018594596821056,-0.4428865992250682,3.392
1.0008459234275309,-0.7754677739185222,-0.5765609254074373,-1.056035711787213,-0.5267920092760358,-0.6309387462811784,0.7018594596821056,-0.4428865992250682,4.858
1.5402156931543587,-0.7754677739185222,-0.5765609254074373,-1.056035711787213,-0.33633853122137336,-0.9374405822459208,0.7018594596821056,-0.4428865992250682,6.059
1.9401594433549627,0.8731056759869408,1.880686828114736,-1.7787844807148063,-0.027926769984467654,-0.31696125578071077,1.4143330510796306,-0.4428865992250682,7.378
-0.2646477339236342,-0.570943089720796,-0.5765609254074373,-0.5422332694216252,-0.7504212544757044,2.5412306617116416,1.4143330510796306,-0.4428865992250682,1.43
2.8270283137358327,3.8746301979536293,3.7236226432563657,-1.5390100076108653,1.3863438960859624,-0.47395000103094476,0.7018594596821056,0.7893937312612613,3.573
2.8270283137358327,3.8746301979536293,3.7236226432563657,-1.8147506516803973,1.344567004125585,-0.2696154437211167,0.7018594596821056,0.7893937312612613,6.43
-0.9758483472867554,-0.8210749979885875,-0.5765609254074373,-0.06325521481637189,-0.5562815800715964,0.46798247047045854,-0.010614131715419355,-0.4428865992250682,4.385
0.2629966060265231,-0.3409513316023453,0.6520629513536494,-0.38580897030143535,-0.3314236027554466,-0.7555329885432689,0.7018594596821056,-0.4428865992250682,3.298
1.3334217498203575,0.5840069554736855,0.6520629513536494,-0.9395738248510132,1.1369112764401788,0.3384044585178845,2.1268066424771557,-0.4428865992250682,2.685
-0.7010469112480675,-0.5760948817517505,-0.5765609254074373,-0.5890463808371565,-0.034070430566876544,0.5053607431490854,0.7018594596821056,-0.4428865992250682,4.733
0.5542136437525494,1.005870129543864,0.037751012973106006,-0.6609787227683389,1.2339811136422323,0.445555506863282,1.4143330510796306,0.7893937312612613,3.674
0.31672039336690266,-0.7754677739185222,-0.5765609254074373,-1.2021839620600911,-0.6459790245747601,-0.4864094252571538,0.7018594596821056,-0.4428865992250682,5.47
0.7388358653270286,0.36193990860964925,0.037751012973106006,-1.1159793300631982,-0.12745407141948542,2.5885764737712362,-0.010614131715419355,0.7893937312612613,5.76
1.4016424321573475,-0.03480645502066239,0.037751012973106006,-1.7462436593649855,-0.3523120487356353,-0.05032957733983775,-0.010614131715419355,0.7893937312612613,5.13
1.008094370925836,0.6225943156148862,0.037751012973106006,-1.579543311397484,-0.08199098310966225,0.5053607431490854,1.4143330510796306,2.021674061747591,5.12
0.94221877454418,0.8567308582568246,0.037751012973106006,-1.3991415649668997,-0.17906082031171636,1.4722120631029063,0.7018594596821056,-0.4428865992250682,5.9
0.5751062277182524,0.2100131237874479,0.037751012973106006,-0.8659288081119455,-0.28841797867858715,0.32843691913691725,0.7018594596821056,-0.4428865992250682,5.551
-0.030991896919443332,0.08422475122428232,0.037751012973106006,-0.48228965114564004,0.2694264022041024,0.5277877067562614,-0.010614131715419355,-0.4428865992250682,6.52
0.16578213369631226,0.24476217995091204,0.037751012973106006,-0.7077918341838701,0.2694264022041024,0.7296303792208483,-0.010614131715419355,-0.4428865992250682,6.883
-0.22776592753519906,-0.07629808319064502,0.037751012973106006,-0.04669935834014744,0.27557006278651075,-0.10265915908991546,-0.010614131715419355,-0.4428865992250682,5.942
0.4503902928209426,-0.123700407600108,1.2663748897341927,-1.7673666486622375,-1.351271259435253,-1.012197127603175,0.7018594596821056,-0.4428865992250682,3.979
-0.035255689565505274,-0.5582168499162851,0.037751012973106006,-1.2124600109074029,-1.07357780111039,-0.005475650125485185,0.7018594596821056,-0.4428865992250682,2.188
0.5237275263332068,0.06506241995900366,0.6520629513536494,-0.8048434066307033,0.7805789626604872,0.8342895427210036,1.4143330510796306,-0.4428865992250682,3.008
-0.7884546604923359,-0.6038094796746478,0.037751012973106006,-0.2539330100942678,-0.6287767749440164,0.02193508317217499,-0.010614131715419355,-0.4428865992250682,5.79
-0.613639162003799,-0.24373862135251978,0.037751012973106006,-1.779926263920063,-1.8439928381444124,3.2389584183793483,-0.7230877231129443,-0.4428865992250682,0.989
0.4363197770889385,1.2095483436628496,-0.5765609254074373,1.0231515049855318,1.6996705857887944,0.2885667616130483,0.7018594596821056,0.7893937312612613,5.742
0.3582923716660059,0.3120419568990723,-0.5765609254074373,0.7925112975236458,1.698441853672313,0.08423220430321994,1.4143330510796306,-0.4428865992250682,6.756
2.4705752485250603,1.2397731631985631,1.880686828114736,-1.2238778429599715,1.0103518684425639,-0.548706546388199,2.1268066424771557,-0.4428865992250682,4.33
0.5893899330825597,0.7140568670539581,0.6520629513536494,-0.12376972469498547,1.1885180253324097,0.2088264465653104,0.7018594596821056,-0.4428865992250682,4.652
0.07645567776131597,0.1883551652210554,-0.5765609254074373,-0.17058283611051694,-0.040214091149284883,0.5676578642801303,-0.7230877231129443,2.021674061747591,3.77
-0.2874590245800653,-0.17861880253631776,-0.5765609254074373,0.9495064882464642,1.06564481368424,1.1956128452810657,-0.7230877231129443,0.7893937312612613,5.475
0.1455291186275184,0.23394779497941817,-0.5765609254074373,-0.2265302131681031,0.4807683262389535,0.9613756698283362,-0.010614131715419355,2.021674061747591,3.536
-0.41515961432961856,-0.2935636015045847,-0.5765609254074373,0.41229749017311074,0.402129470784125,0.4729662401609422,-0.010614131715419355,0.7893937312612613,4.339
-0.41686513138804326,-0.08320119262589007,0.037751012973106006,-1.3614627191934234,-1.1350144069344748,2.239712595437383,-0.7230877231129443,-0.4428865992250682,0.59
-0.2874590245800653,-0.17861880253631776,-0.5765609254074373,-1.0080808171664248,-0.6742398632538392,2.1799073591515796,-0.7230877231129443,0.7893937312612613,2.511
-0.2200911007722877,0.07733623610073975,0.037751012973106006,-1.187340780391752,-0.48255765308269477,2.120102122865776,-0.7230877231129443,-0.4428865992250682,1.888
0.35296263085842855,0.25402956788194936,0.037751012973106006,-1.036054505695218,-0.6164894537791994,1.1956128452810657,-0.7230877231129443,-0.4428865992250682,7.699
0.8846575738223449,0.09174082175102909,0.037751012973106006,-1.7485272257754993,-0.7025007019329181,0.869175930554389,-0.010614131715419355,0.7893937312612613,4.107
0.818995167072992,-0.05798222200410676,0.6520629513536494,-2.0128500377924627,-1.137471871167438,0.7695005367447172,-0.010614131715419355,-0.4428865992250682,6.618
1.4154997582570485,0.17700079071657188,-0.5765609254074373,-0.2196795139365619,0.2694264022041024,0.5925767127325484,-0.010614131715419355,-0.4428865992250682,7.671
1.4154997582570485,0.17700079071657188,-0.5765609254074373,-0.40065215196977444,0.22887824236020604,0.5851010581968233,-0.010614131715419355,-0.4428865992250682,7.341
1.7998806652995267,0.2307224520931831,-0.5765609254074373,-0.7979927073991622,0.655248286779354,-0.2795829831020839,1.4143330510796306,0.7893937312612613,7.858
-0.8481477575372022,-0.7061301990203206,-0.5765609254074373,1.0768153156326044,-0.33879599545433653,-1.179153412234376,-0.7230877231129443,-0.4428865992250682,7.012
-0.41686513138804326,-0.08320119262589007,0.037751012973106006,0.4134392733783677,-0.33879599545433653,-1.258893727282114,-0.7230877231129443,-0.4428865992250682,6.176
-0.41686513138804326,-0.08320119262589007,0.037751012973106006,0.2467389254108661,-0.390402744346568,-1.079478018424704,-0.7230877231129443,-0.4428865992250682,5.527
1.1055220328883502,0.7751048729051845,-0.5765609254074373,0.55444949922759,0.19693120733168223,0.4729662401609422,0.7018594596821056,-0.4428865992250682,5.636
-0.41686513138804326,-0.08320119262589007,0.037751012973106006,0.2467389254108661,-0.38548781588064124,-1.079478018424704,-0.7230877231129443,-0.4428865992250682,5.372
-0.29342833428455195,-0.22602112694578086,0.6520629513536494,-0.6038895625054959,-0.5464517231397429,0.06928089523176909,-0.010614131715419355,-0.4428865992250682,5.571
-0.1586924866689966,-0.030705453432282138,0.037751012973106006,-0.26592173374946476,0.13549460150759773,0.30351807068449915,0.7018594596821056,-0.4428865992250682,3.155
1.0083075605581393,0.26770443794711773,0.037751012973106006,-0.6723965548209075,1.2720718092531649,0.2586641434701466,1.4143330510796306,-0.4428865992250682,3.594
-0.29342833428455195,-0.22602112694578086,0.6520629513536494,-0.6038895625054959,-0.5587390443045601,0.06928089523176909,-0.010614131715419355,-0.4428865992250682,5.642
-0.41686513138804326,-0.08320119262589007,0.037751012973106006,-0.6038895625054959,-0.5587390443045601,0.15151309512474906,-0.7230877231129443,-0.4428865992250682,3.48
-0.8481477575372022,-0.7061301990203206,-0.5765609254074373,-0.2539330100942678,-0.6287767749440164,0.27610733738683896,-0.7230877231129443,-0.4428865992250682,3.432
-0.29342833428455195,-0.22602112694578086,0.6520629513536494,-0.6038895625054959,-0.5771700260517851,0.06928089523176909,-0.010614131715419355,-0.4428865992250682,4.011
-0.41686513138804326,-0.08320119262589007,0.037751012973106006,-0.6038895625054959,-0.5771700260517851,0.15151309512474906,-0.7230877231129443,-0.4428865992250682,3.68
0.5697764869106751,0.500731812899672,1.2663748897341927,-0.06211343161111515,2.29069073381649,0.08174031945797841,0.7018594596821056,-0.4428865992250682,5.132
0.9780346327710999,-0.5636167452461807,-0.5765609254074373,0.10744137436952886,0.19447374309871857,0.35086388274409325,-0.7230877231129443,-0.4428865992250682,6.79
0.8317865450111775,0.39395982848476074,0.6520629513536494,0.5030692549910314,0.5274601466652582,0.19138325264861747,2.8392802338746805,-0.4428865992250682,4.485
1.1300388406032058,0.6112253467987004,1.2663748897341927,-0.017583886606097388,-0.051272680197620005,0.08174031945797841,2.8392802338746805,-0.4428865992250682,4.288
-1.0449217881529578,-0.8666676277469504,-0.5765609254074373,0.7182953891819496,-0.5771700260517851,0.24122094955345363,-0.7230877231129443,-0.4428865992250682,5.45
-1.0449217881529578,-0.8666676277469504,-0.5765609254074373,0.5453152335855351,-0.6459790245747601,0.14403744058902337,-0.7230877231129443,-0.4428865992250682,4.53
-0.613639162003799,-0.24373862135251978,0.037751012973106006,-0.06325521481637189,-0.6459790245747601,-0.082724080327981,-0.7230877231129443,-0.4428865992250682,4.765
-1.0449217881529578,-0.8666676277469504,-0.5765609254074373,0.3643425955523228,-0.7086443625153267,0.024426968017416523,-0.7230877231129443,-0.4428865992250682,3.524
1.1583930616995173,1.4867964830737388,0.6520629513536494,0.05549023853034155,0.6785941969925063,-0.635922515971662,-0.010614131715419355,-0.4428865992250682,4.14
-1.0449217881529578,-0.8666676277469504,-0.5765609254074373,0.7182953891819496,-0.469041599801396,0.24122094955345363,-0.7230877231129443,-0.4428865992250682,4.317
-1.0449217881529578,-0.8666676277469504,-0.5765609254074373,0.5173415450567421,-0.7086443625153267,-0.6608413644240801,-0.7230877231129443,-0.4428865992250682,4.933
-0.613639162003799,-0.24373862135251978,0.037751012973106006,-0.2539330100942678,-0.7086443625153267,-0.25964790434014945,-0.7230877231129443,-0.4428865992250682,3.71
-0.7701203521142699,-0.6216875115101134,-0.5765609254074373,0.2033511636111053,-0.11393801813818662,-0.1923670135186206,-0.010614131715419355,-0.4428865992250682,3.618
-1.0449217881529578,-0.8666676277469504,-0.5765609254074373,0.7839479234842193,-0.19257687359301515,-0.4614905768047357,-0.7230877231129443,-0.4428865992250682,4.98
-0.4428742665290208,-0.8666676277469504,-0.5765609254074373,0.49393498934897645,-0.3228224779400746,-0.8527164975076995,-0.7230877231129443,-0.4428865992250682,4.025
-1.0449217881529578,-0.8666676277469504,-0.5765609254074373,0.3643425955523228,-0.7160167552142169,0.024426968017416523,-0.7230877231129443,-0.4428865992250682,3.653
-0.4902023649003076,-0.3865585556724106,0.6520629513536494,-0.2539330100942678,-0.7160167552142169,-0.33938821938788705,-0.010614131715419355,-0.4428865992250682,5.168
-0.613639162003799,-0.24373862135251978,0.037751012973106006,-0.2539330100942678,-0.7160167552142169,-0.25964790434014945,-0.7230877231129443,-0.4428865992250682,3.76
-0.0680868929401817,-0.1260500917841978,-0.5765609254074373,-0.03585241789020718,-0.48255765308269477,-0.2770910982568421,-0.010614131715419355,-0.4428865992250682,4.04
-1.0449217881529578,-0.8666676277469504,-0.5765609254074373,0.7839479234842193,-0.21715151592264906,-0.4614905768047357,-0.7230877231129443,-0.4428865992250682,5.001
-1.0449217881529578,-0.8666676277469504,-0.5765609254074373,0.3643425955523228,-0.7283040763790338,0.024426968017416523,-0.7230877231129443,-0.4428865992250682,3.791
-0.613639162003799,-0.24373862135251978,0.037751012973106006,-0.2539330100942678,-0.7283040763790338,-0.25964790434014945,-0.7230877231129443,-0.4428865992250682,3.863
0.7526931914267295,0.9591975207195217,0.6520629513536494,-1.2358665666151685,0.3038309014655899,0.532771476446745,0.7018594596821056,0.7893937312612613,2.359
-0.4428742665290208,-0.8666676277469504,-0.5765609254074373,0.49393498934897645,-0.3400247275708181,-0.8527164975076995,-0.7230877231129443,-0.4428865992250682,4.756
-1.0449217881529578,-0.8666676277469504,-0.5765609254074373,0.0886019514827907,-1.2603450828156073,1.1133806453880863,-0.7230877231129443,-0.4428865992250682,4.002
-1.0449217881529578,-0.8666676277469504,-0.5765609254074373,-0.36068973978578434,-1.567528111936031,-1.2240073394487285,-0.7230877231129443,-0.4428865992250682,3.28
-0.2874590245800653,-0.17861880253631776,-0.5765609254074373,1.2988921490550636,1.6886119967404594,-0.31446937093546895,-0.7230877231129443,0.7893937312612613,8.067
-0.6810070858115767,-0.4996936599895772,-0.5765609254074373,-0.4919948083903234,-1.21856819085523,0.2586641434701466,-0.7230877231129443,0.7893937312612613,2.576
-1.0449217881529578,-0.8666676277469504,-0.5765609254074373,0.563583764869645,-1.1694189061959621,2.35932306800899,-0.7230877231129443,-0.4428865992250682,4.927
-1.0449217881529578,-0.8666676277469504,-0.5765609254074373,0.37290596959174904,-1.21856819085523,-1.2962719999607408,-0.7230877231129443,-0.4428865992250682,4.186
-1.0449217881529578,-0.8666676277469504,-0.5765609254074373,0.17138123386391316,-1.2603450828156073,-1.3660447756275116,-0.7230877231129443,-0.4428865992250682,3.46
-1.0449217881529578,-0.21167491854230108,-0.5765609254074373,0.06576628737765344,-1.21856819085523,-0.8028788006028633,-0.7230877231129443,-0.4428865992250682,3.954
-1.0449217881529578,-0.8666676277469504,-0.5765609254074373,2.2048971224263836,0.5630933780432272,-1.2040722606867942,-0.7230877231129443,-0.4428865992250682,8.271
-1.0449217881529578,-0.8666676277469504,-0.5765609254074373,-0.04441579192963372,-1.5183788272767635,3.6052654906298933,-0.7230877231129443,-0.4428865992250682,3.643
-1.0449217881529578,-0.8666676277469504,-0.5765609254074373,-0.2779104574046619,-1.567528111936031,-1.373520430163237,-0.7230877231129443,-0.4428865992250682,3.254
-1.0449217881529578,-0.8666676277469504,-0.5765609254074373,0.7160118227714359,-0.6422928282253152,-0.13256177723281717,-0.7230877231129443,-0.4428865992250682,6.72
-0.7777951788771812,-0.7061301990203206,-0.5765609254074373,1.226388915521253,0.4439063627445029,-1.271353151508323,-0.7230877231129443,-0.4428865992250682,6.508
0.25510858963130856,0.02948148802850162,-0.5765609254074373,0.6423668060323683,0.30505963358207144,0.06678901038652756,-0.7230877231129443,-0.4428865992250682,5.3
-0.7777951788771812,-0.7061301990203206,-0.5765609254074373,1.0905167140956868,0.22887824236020604,-1.3685366604727534,-0.7230877231129443,-0.4428865992250682,6.21
-1.0449217881529578,-0.8666676277469504,-0.5765609254074373,1.6100280724875582,0.017536318325354947,-1.4881471330443603,-0.7230877231129443,-0.4428865992250682,6.777
-1.0449217881529578,-0.8666676277469504,-0.5765609254074373,1.8069856753943672,0.08880278108129301,-1.4657201694371838,-0.7230877231129443,-0.4428865992250682,6.623
-1.0449217881529578,-0.8666676277469504,-0.5765609254074373,-0.1271950743107562,-1.351271259435253,-1.3760123150084789,-0.7230877231129443,-0.4428865992250682,3.485
-1.0449217881529578,-0.8666676277469504,-0.5765609254074373,-0.36068973978578434,-1.4335963112395262,-1.2240073394487285,-0.7230877231129443,-0.4428865992250682,2.642
-1.0449217881529578,-0.8666676277469504,-0.5765609254074373,0.17138123386391316,-1.1571315850311452,-0.9698350852340643,-0.7230877231129443,-0.4428865992250682,3.655
-1.0449217881529578,-0.8666676277469504,-0.5765609254074373,0.17138123386391316,-1.315638028057284,-1.3660447756275116,-0.7230877231129443,-0.4428865992250682,3.842
-0.7777951788771812,-0.7061301990203206,-0.5765609254074373,-1.0822967255081208,-0.9973964098885248,-0.03787015311362843,-0.7230877231129443,-0.4428865992250682,3.587
-1.0449217881529578,-0.8666676277469504,-0.5765609254074373,-0.1271950743107562,-1.21856819085523,-0.9175055034839862,-0.7230877231129443,-0.4428865992250682,4.322
-1.0449217881529578,-0.8666676277469504,-0.5765609254074373,-0.2779104574046619,-1.4335963112395262,-0.8352733035910068,-0.7230877231129443,-0.4428865992250682,2.49
-0.6513737269214466,-0.5455927702936909,-0.5765609254074373,-0.47829340992724106,-0.43095090419046383,0.4156528887203803,-0.7230877231129443,-0.4428865992250682,2.937
0.39069719577607637,0.5128888745477885,0.6520629513536494,-1.4847753053611645,-1.1018386397894688,1.566903687222095,-0.7230877231129443,-0.4428865992250682,3.044
-1.0449217881529578,-0.8666676277469504,-0.5765609254074373,1.3302911871996277,-0.5931435435660476,-1.4756877088181508,-0.7230877231129443,-0.4428865992250682,5.6
-1.0449217881529578,-0.8666676277469504,-0.5765609254074373,1.0043120820987934,-0.6644100063219857,-1.3809960846989624,-0.7230877231129443,-0.4428865992250682,4.75
-0.613639162003799,-0.24373862135251978,0.037751012973106006,0.916394775294015,-0.4678128676849144,-1.9242269809616763,-0.7230877231129443,-0.4428865992250682,5.56
-1.0449217881529578,-0.8666676277469504,-0.5765609254074373,2.24257596819986,0.279256259135956,-1.3959473937704132,-0.7230877231129443,-0.4428865992250682,7.61
-1.0449217881529578,-0.8666676277469504,-0.5765609254074373,2.3784481696254263,0.3738686321050464,-1.4557526300562167,-0.7230877231129443,-0.4428865992250682,8.78
-0.613639162003799,-0.24373862135251978,0.037751012973106006,0.42371532222567937,-0.5820849545177119,-1.1243319456390564,-0.7230877231129443,-0.4428865992250682,5.632
-1.0449217881529578,-0.8666676277469504,-0.5765609254074373,1.3302911871996277,-0.5820849545177119,-1.4756877088181508,-0.7230877231129443,-0.4428865992250682,4.874
-0.613639162003799,-0.24373862135251978,0.037751012973106006,0.5767142717300989,-0.5820849545177119,-1.605265720770725,-0.7230877231129443,-0.4428865992250682,4.495
-1.0449217881529578,-0.8666676277469504,-0.5765609254074373,1.4969915351671292,-0.5243345450430726,-1.4333256664490404,-0.7230877231129443,-0.4428865992250682,4.674
-0.4902023649003076,-0.3865585556724106,0.6520629513536494,0.5767142717300989,-0.5771700260517851,-1.7124167691161227,-0.010614131715419355,-0.4428865992250682,4.761
-0.613639162003799,-0.24373862135251978,0.037751012973106006,0.5767142717300989,-0.5771700260517851,-1.605265720770725,-0.7230877231129443,-0.4428865992250682,4.864
-1.0449217881529578,-0.8666676277469504,-0.5765609254074373,2.3784481696254263,0.3935283459687535,-1.4557526300562167,-0.7230877231129443,-0.4428865992250682,8.44
-1.0449217881529578,-0.8666676277469504,-0.5765609254074373,1.8086983502022527,0.2153621890789078,-1.1866290667701016,-0.7230877231129443,-0.4428865992250682,5.64
0.12868713767557388,0.03448733694243193,-0.5765609254074373,1.137329825511218,0.68105166122547,-1.1218400607938146,-0.010614131715419355,-0.4428865992250682,5.878
-0.0680868929401817,-0.1260500917841978,-0.5765609254074373,0.46025238479389896,-0.41251992244323826,-1.4333256664490404,-0.010614131715419355,-0.4428865992250682,4.434
0.923884466166114,1.679383020298885,0.037751012973106006,0.8770032547126534,1.071788474266649,-0.6259549765906949,-0.010614131715419355,0.7893937312612613,4.257
-0.613639162003799,-0.24373862135251978,0.037751012973106006,0.08974373468804743,-0.6459790245747601,-0.7879274915314124,-0.7230877231129443,-0.4428865992250682,5.691
-1.0449217881529578,-0.8666676277469504,-0.5765609254074373,0.851313132594374,-0.6459790245747601,-0.9872782791507568,-0.7230877231129443,-0.4428865992250682,5.42
-0.19344239673440097,0.6553585453868211,-0.5765609254074373,1.1287664514717912,1.052128760402942,-0.12757800754233356,1.4143330510796306,-0.4428865992250682,4.713
-1.0449217881529578,-0.8666676277469504,-0.5765609254074373,1.0043120820987934,-0.6459790245747601,-1.3809960846989624,-0.7230877231129443,-0.4428865992250682,4.83
-0.4902023649003076,-0.3865585556724106,0.6520629513536494,0.242742684192467,-0.6459790245747601,-1.4731958239729095,-0.010614131715419355,-0.4428865992250682,5.43
-0.613639162003799,-0.24373862135251978,0.037751012973106006,0.242742684192467,-0.6459790245747601,-1.3785041998537206,-0.7230877231129443,-0.4428865992250682,4.797
-0.0680868929401817,-0.1260500917841978,-0.5765609254074373,0.46025238479389896,-0.4186635830256466,-1.4333256664490404,-0.010614131715419355,-0.4428865992250682,4.66
-1.0449217881529578,-0.8666676277469504,-0.5765609254074373,2.103849308761151,0.2853999197183643,-1.3062395393417081,-0.7230877231129443,-0.4428865992250682,6.989
-0.41686513138804326,-0.08320119262589007,0.037751012973106006,0.8781450379179103,0.47462466565654515,-1.0944293274961547,-0.7230877231129443,-0.4428865992250682,6.109
-0.0680868929401817,-0.1260500917841978,-0.5765609254074373,0.3072534352894797,-0.42603597572453705,-0.8153382248290724,-0.010614131715419355,-0.4428865992250682,4.268
0.5567719193401863,0.6040595397528118,1.2663748897341927,1.2606424116789587,1.4268920559298583,-0.8751434611148757,2.8392802338746805,-0.4428865992250682,6.65
-1.0449217881529578,-0.8666676277469504,-0.5765609254074373,0.6703404945611616,-0.7086443625153267,-1.1916128364605851,-0.7230877231129443,-0.4428865992250682,4.138
-0.1586924866689966,-0.030705453432282138,0.037751012973106006,0.5002147969778893,0.9722611728316312,-0.09767538939943185,0.7018594596821056,-0.4428865992250682,4.992
-0.13843947160020262,-0.21994989327757372,-0.5765609254074373,1.394231046694012,0.4967418437532154,-0.34188010423312887,-0.7230877231129443,-0.4428865992250682,4.711
-0.0680868929401817,-0.1260500917841978,-0.5765609254074373,0.11714653161421212,-0.469041599801396,-1.0869536729604292,-0.010614131715419355,-0.4428865992250682,4.31
-1.0449217881529578,-0.8666676277469504,-0.5765609254074373,1.8086983502022527,0.24853795622391317,-1.1866290667701016,-0.7230877231129443,-0.4428865992250682,6.209
-1.0449217881529578,-0.8666676277469504,-0.5765609254074373,1.2058368178266297,0.12812220880870728,-0.8228138793647978,-0.7230877231129443,-0.4428865992250682,5.626
-1.0449217881529578,-0.8666676277469504,-0.5765609254074373,2.103849308761151,0.31611822263040656,-1.3062395393417081,-0.7230877231129443,-0.4428865992250682,8.16
-1.0449217881529578,-0.8666676277469504,-0.5765609254074373,2.103849308761151,0.25959654527224885,-1.3062395393417081,-0.7230877231129443,-0.4428865992250682,6.99
-0.4015154778622205,-0.15839108651676248,-0.5765609254074373,1.1224866438428784,1.0484425640534967,-0.46398246164997753,1.4143330510796306,-0.4428865992250682,6.212
-1.0449217881529578,-0.8666676277469504,-0.5765609254074373,0.9369468729886385,-0.19257687359301515,-0.9349486974006789,-0.7230877231129443,-0.4428865992250682,5.5
-1.0449217881529578,-0.8666676277469504,-0.5765609254074373,0.6703404945611616,-0.7160167552142169,-1.1916128364605851,-0.7230877231129443,-0.4428865992250682,4.304
-0.0680868929401817,-0.1260500917841978,-0.5765609254074373,0.11714653161421212,-0.48255765308269477,-1.0869536729604292,-0.010614131715419355,-0.4428865992250682,3.84
-1.0449217881529578,-0.8666676277469504,-0.5765609254074373,1.2058368178266297,0.11091995917796381,-0.8228138793647978,-0.7230877231129443,-0.4428865992250682,5.641
-1.0449217881529578,-0.8666676277469504,-0.5765609254074373,0.9369468729886385,-0.21715151592264906,-0.9349486974006789,-0.7230877231129443,-0.4428865992250682,5.009
-1.0449217881529578,-0.8666676277469504,-0.5765609254074373,0.3266637497788462,-0.7909694143196002,-0.8826191156506011,-0.7230877231129443,-0.4428865992250682,3.918
-1.0449217881529578,-0.8666676277469504,-0.5765609254074373,0.6703404945611616,-0.7283040763790338,-1.1916128364605851,-0.7230877231129443,-0.4428865992250682,4.787
0.5045404594259286,0.20344568352135847,0.037751012973106006,-1.0851511835212628,-0.17906082031171636,0.9239973971497087,2.1268066424771557,0.7893937312612613,2.572
-0.5759045970861514,0.20090627328513735,-0.5765609254074373,0.9586407538885191,1.143054937022587,-0.2546641346496658,-0.010614131715419355,-0.4428865992250682,4.9
0.2730165187447685,0.20344568352135847,-0.5765609254074373,-0.8950442798459954,-0.11762421448763184,1.2280073482692095,2.1268066424771557,0.7893937312612613,3.028
-1.0449217881529578,0.006655984525915358,-0.5765609254074373,-0.2779104574046619,-1.315638028057284,2.329420449866088,-0.7230877231129443,-0.4428865992250682,2.018
0.35616047534297507,0.611312912668915,0.6520629513536494,-1.4488091343955734,-0.6459790245747601,0.09419974368418718,0.7018594596821056,0.7893937312612613,3.716
0.544833299931213,1.0625982191311738,0.6520629513536494,-0.36126063138841275,1.2290661851763054,0.10416728306515442,1.4143330510796306,0.7893937312612613,3.742
-0.1230898180743799,0.0003658361821718919,-0.5765609254074373,1.1944189857740608,1.2794442019520549,-0.35683141330457974,1.4143330510796306,-0.4428865992250682,4.579
-0.198132568645069,0.09613370957345779,0.037751012973106006,0.5624419816643882,1.5559089281604361,0.18889136780337593,-0.010614131715419355,-0.4428865992250682,5.754
0.3229028927036924,0.4828683753759087,-0.5765609254074373,0.7474108609159997,2.143242879838686,0.30351807068449915,2.1268066424771557,2.021674061747591,4.835
0.21971911066899502,0.27466592462917233,-0.5765609254074373,1.4433277245200566,1.9331296879203164,-0.22725340135200592,-0.010614131715419355,2.021674061747591,8.582
0.21971911066899502,0.9296586338338217,-0.5765609254074373,1.0922293889035717,1.978592776230139,-0.14751308630426804,-0.010614131715419355,2.021674061747591,8.678
0.21971911066899502,0.27466592462917233,-0.5765609254074373,1.421633843620176,1.8299161901358545,-1.0171808972936587,-0.010614131715419355,2.021674061747591,9.945
0.21971911066899502,0.27466592462917233,-0.5765609254074373,0.9152529920887583,1.7611071916128795,-0.3618151829950633,-0.010614131715419355,2.021674061747591,9.063
1.389490623116071,0.6022790337251164,1.2663748897341927,-0.8465184936225789,0.6871953218078783,0.07177278007701117,3.551753825272206,0.7893937312612613,2.533
0.5623148497800668,0.1141284959025426,-0.5765609254074373,0.3866073680548314,0.34806525765893037,0.04685393162459308,-0.010614131715419355,2.021674061747591,6.475
1.048174021798818,0.039916420895732496,-0.5765609254074373,-0.8607907836882897,-0.8118578602997889,-0.7729761824599616,0.7018594596821056,2.021674061747591,6.251
0.21971911066899502,0.49299682769738884,-0.5765609254074373,1.1276246682665345,1.795511690874367,-0.36430706784030514,-0.010614131715419355,2.021674061747591,9.133
0.21971911066899502,0.27466592462917233,-0.5765609254074373,1.033998445435472,1.7611071916128795,-0.7306141400908508,-0.010614131715419355,2.021674061747591,10.047
-0.2718961814219395,0.011092655283451233,-0.5765609254074373,0.5687217892933008,1.1897467574488911,0.12161047698184736,0.7018594596821056,0.7893937312612613,4.92
0.011859219173478493,0.07656273758051127,-0.5765609254074373,-1.463081424461284,-0.6287767749440164,0.12410236182708889,1.4143330510796306,0.7893937312612613,3.34
4.023661719853099,2.3885498145429205,4.337934581636909,-1.2678364963623605,0.9194256918229187,-0.03288638342314481,4.264227416669731,0.7893937312612613,2.928
-0.12628766255892626,-0.019584587915037418,0.6520629513536494,-1.5321593083793241,-1.351271259435253,0.24371283439869573,-0.010614131715419355,0.7893937312612613,2.649
2.5100153305011323,2.7833989176519176,3.1093107048758224,-0.3835254038909216,3.5243377787641106,0.22876152532724486,3.551753825272206,4.4862347227202495,4.27
-0.021185173833500996,0.026008041843325353,0.6520629513536494,0.16281785982448663,0.5139440933839594,-0.5661497403048917,0.7018594596821056,-0.4428865992250682,4.234
-0.12628766255892626,-0.019584587915037418,0.6520629513536494,0.10116156674061605,-0.4518393501706525,-1.3635528907822698,-0.010614131715419355,0.7893937312612613,2.348
0.7486425884129708,0.0935505164021292,1.880686828114736,-2.13387905754969,-1.567528111936031,-1.7896651993186188,0.7018594596821056,-0.4428865992250682,3.884
0.4503902928209426,-0.123700407600108,1.2663748897341927,-0.5764867655793311,-0.3658281020169341,-1.1517426789367162,0.7018594596821056,-0.4428865992250682,3.476
-0.4902023649003076,-0.3865585556724106,0.6520629513536494,-1.1999003956495775,-1.4335963112395262,0.7321222640660898,-0.010614131715419355,-0.4428865992250682,3.133
0.06451705835234266,0.0935505164021292,1.880686828114736,-1.916369356948258,-1.4335963112395262,1.3874879783646854,0.7018594596821056,-0.4428865992250682,3.358
0.4049809011403837,0.48466347571530655,1.2663748897341927,-1.4767828229243662,-0.4063762618608299,-0.39919345567369047,1.4143330510796306,0.7893937312612613,3.775
-0.4902023649003076,-0.3865585556724106,0.6520629513536494,0.242742684192467,-0.6410640961088333,-1.4731958239729095,-0.010614131715419355,-0.4428865992250682,5.16
-0.4902023649003076,-0.3865585556724106,0.6520629513536494,0.5767142717300989,-0.5931435435660476,-1.7124167691161227,-0.010614131715419355,-0.4428865992250682,5.43
-0.4902023649003076,-0.3865585556724106,0.6520629513536494,-0.10093406058984847,-0.7086443625153267,-1.1367913698652654,-0.010614131715419355,-0.4428865992250682,6.409
0.06451705835234266,0.0935505164021292,1.880686828114736,-0.8054142982333319,-0.7160167552142169,-0.8003869157576214,0.7018594596821056,-0.4428865992250682,4.263
-0.4902023649003076,-0.3865585556724106,0.6520629513536494,-0.4554577458221038,-0.7909694143196002,-0.5935604736025516,-0.010614131715419355,-0.4428865992250682,5.371
0.8816729189701016,1.0544545932012226,1.2663748897341927,-1.1256844873078815,0.2522241525733584,0.6473981793278683,1.4143330510796306,0.7893937312612613,2.072
1.7184422257597451,1.5535654591123147,3.1093107048758224,0.22789950252412766,0.7093124999045486,-0.6932358674122236,4.264227416669731,-0.4428865992250682,4.404
-0.7777951788771812,-0.7061301990203206,-0.5765609254074373,-1.6372033632629555,-1.2296267799035652,1.6939898143294276,-0.7230877231129443,-0.4428865992250682,2.332
-0.7777951788771812,-0.7061301990203206,-0.5765609254074373,-0.44004367255113624,-0.27858812174673353,-0.06777277125653014,-0.7230877231129443,-0.4428865992250682,4.018
0.5522949370618215,1.158774733250127,0.037751012973106006,0.48879696492532065,0.4009007386676434,0.21630210110103557,0.7018594596821056,0.7893937312612613,5.301
-0.48423305519582094,0.31583647794170183,-0.5765609254074373,1.7675941548130056,1.7635646558458427,-0.15498874083999345,-0.7230877231129443,0.7893937312612613,8.112
0.19584187185104857,0.8296584100488338,0.6520629513536494,0.6874672426400145,0.9587451195503329,-0.623463091745453,0.7018594596821056,0.7893937312612613,7.802
-0.1680728304903327,0.026008041843325353,0.6520629513536494,0.9614952119016612,0.821127122504383,-1.0620348245080111,0.7018594596821056,-0.4428865992250682,7.478
-0.6810070858115767,-0.4996936599895772,-0.5765609254074373,1.4889990527303312,0.19447374309871857,-1.400931163460897,-0.7230877231129443,-0.4428865992250682,6.394
-0.31709238347019536,-0.13271969223220415,-0.5765609254074373,-0.507408881661291,-0.5243345450430726,0.13656178605329822,-0.7230877231129443,-0.4428865992250682,5.001
-0.31709238347019536,-0.13271969223220415,-0.5765609254074373,-0.04041955071123464,-0.10533689332281461,-0.46647434649521935,-0.7230877231129443,-0.4428865992250682,5.545
0.19584187185104857,0.3929820096006986,0.6520629513536494,0.7696756334185085,1.2978751836992803,0.4580149310894913,0.7018594596821056,2.021674061747591,4.249
-0.24972445966241777,0.12323534640485337,0.037751012973106006,0.7947948639341595,0.7572330524473349,0.23872906470821212,-0.7230877231129443,-0.4428865992250682,5.17
0.5160526995702954,0.026008041843325353,0.6520629513536494,-2.0014322057398943,-0.8671508055414654,-1.1318076001747819,0.7018594596821056,0.7893937312612613,3.769
1.5289166426422947,1.296501252785873,0.037751012973106006,-1.260414905528191,0.5692370386256356,0.26613979800587173,2.1268066424771557,0.7893937312612613,3.508
-0.1680728304903327,0.026008041843325353,0.6520629513536494,-1.940346804258652,-0.9519333215787023,1.0211809061141397,0.7018594596821056,-0.4428865992250682,1.188
2.852824259244508,3.7387279673806857,2.494998766495279,-0.36639865581206865,4.092012016578654,0.742089803447057,-0.7230877231129443,0.7893937312612613,3.884
3.2841068853936664,4.361656973775117,3.1093107048758224,-0.7688772356651123,4.101841873510508,0.7271384943756062,-0.7230877231129443,0.7893937312612613,4.566
-0.31709238347019536,-0.13271969223220415,-0.5765609254074373,-1.2718327375807597,-0.8118578602997889,1.095937451471394,-0.7230877231129443,-0.4428865992250682,3.788
-0.6119336449453742,-0.45410103023121445,-0.5765609254074373,-1.471073906898082,-1.351271259435253,2.5412306617116416,-0.010614131715419355,0.7893937312612613,0.704
0.6128407926359002,1.369107953505417,1.2663748897341927,-0.9960920935112276,-0.44692442170472574,-0.7131709461741581,-0.7230877231129443,-0.4428865992250682,3.669
-0.6810070858115767,-0.4996936599895772,-0.5765609254074373,-0.30531325433082657,-0.6287767749440164,-0.31446937093546895,-0.7230877231129443,-0.4428865992250682,3.976
0.36319573320897713,0.49687891461023287,0.037751012973106006,-0.5456586190373958,-0.5046748311793655,-0.6708089038050474,-0.010614131715419355,-0.4428865992250682,4.024
-0.34843125941875014,-0.17291242666067122,-0.5765609254074373,0.5247631358909116,0.33454920437763214,-0.4290960738165922,0.7018594596821056,-0.4428865992250682,4.403
0.11845403532502544,-0.2678922072200264,-0.5765609254074373,1.418779385607034,1.3261360223783596,1.1258400696142952,-0.7230877231129443,-0.4428865992250682,5.512
0.8115335299423836,0.7621743127368397,0.037751012973106006,-0.3167310863833951,1.431806984395785,0.07924843461273633,1.4143330510796306,-0.4428865992250682,4.225
-0.13843947160020262,-0.21994989327757372,-0.5765609254074373,-0.474297168708842,-0.3191362815906294,0.2611560283153881,-0.7230877231129443,-0.4428865992250682,4.072
-0.13843947160020262,-0.21994989327757372,-0.5765609254074373,0.2701454811186317,0.17481402923501144,0.004491889255482051,-0.7230877231129443,-0.4428865992250682,4.57
0.12207825907417806,-0.29388467636203797,-0.5765609254074373,0.46310684280704134,0.2522241525733584,-0.26712355887587486,-0.7230877231129443,-0.4428865992250682,6.075
0.676371303062222,0.026008041843325353,0.6520629513536494,-1.492196896195334,-0.7160167552142169,-1.1841371819248598,0.7018594596821056,0.7893937312612613,4.221
-0.4008759089653112,-0.33915623126294747,-0.5765609254074373,-0.022151019427124836,-0.19257687359301515,-0.3244369103164362,-0.7230877231129443,0.7893937312612613,4.032
0.23698747088554567,0.24903831327972126,-0.5765609254074373,-0.009020512566671109,0.4267041131137589,1.3401421663050908,2.1268066424771557,-0.4428865992250682,3.22
-0.21838558371386282,-0.5433160576681133,-0.5765609254074373,0.27128726432388844,0.16989910076908465,-0.483917540411912,-0.7230877231129443,-0.4428865992250682,4.001
1.4845731991232511,2.206894416782888,0.037751012973106006,0.8387535173365487,1.5460790712285826,-0.25715601949490763,-0.010614131715419355,2.021674061747591,4.501
0.1141902426789635,0.4902093141622264,0.037751012973106006,0.6109677678878048,0.6884240539243599,-0.35683141330457974,-0.7230877231129443,0.7893937312612613,3.599
-0.24972445966241777,0.12323534640485337,0.037751012973106006,1.2811945093735824,0.7375733385836277,0.2088264465653104,-0.7230877231129443,0.7893937312612613,4.56
1.4097436381848651,2.148648518778526,1.2663748897341927,-1.982592782853156,-0.20609292687431338,1.103413106007119,-0.010614131715419355,3.2539543922339202,2.736
-0.05295042904666203,0.2837727751314831,0.037751012973106006,-0.12434061629761409,-0.05618760866354679,-0.2795829831020839,-0.7230877231129443,0.7893937312612613,3.047
-0.05295042904666203,0.2837727751314831,0.037751012973106006,0.028658333206805477,-0.05618760866354679,-0.7729761824599616,-0.7230877231129443,0.7893937312612613,3.783
1.1735295255930371,1.89661934998942,1.2663748897341927,-0.2139705979102776,0.8555316217658705,-0.08023219548273947,-0.7230877231129443,2.021674061747591,4.187
0.18155816648674122,0.7461789471109863,0.6520629513536494,-0.3772455962620088,-0.5046748311793655,-0.5960523584477934,-0.7230877231129443,0.7893937312612613,3.068
0.5797963996289205,0.84832453471623,1.2663748897341927,-0.6763927960393065,-0.3080776925422943,-1.6899898055089464,0.7018594596821056,0.7893937312612613,3.644
0.0410661987990023,0.24442651078175642,0.037751012973106006,0.8370408425286633,0.725286017418811,0.06928089523176909,1.4143330510796306,-0.4428865992250682,4.01
0.40029072922971565,0.7071683519304153,0.6520629513536494,0.024662091988406395,0.9120532991240282,0.8641921608639054,-0.010614131715419355,0.7893937312612613,3.917
0.7582361218666102,1.0267399952783254,1.880686828114736,-0.787145766949222,0.8321857115527181,0.5228039370657778,0.7018594596821056,0.7893937312612613,3.902
0.7021672485708965,1.4255295625469762,1.880686828114736,-0.5399497030111116,1.0128093326755276,0.48542566438715096,-0.010614131715419355,-0.4428865992250682,3.277
0.17622842567916389,0.1796569554464125,1.2663748897341927,-0.10264673539773357,1.1725445078181478,0.03937827708886738,0.7018594596821056,-0.4428865992250682,4.305
0.9767554949772813,1.7360819212627903,1.2663748897341927,-0.36696954741469706,1.0939056523633193,-0.2770910982568421,-0.7230877231129443,-0.4428865992250682,3.961
-0.613639162003799,-0.24373862135251978,0.037751012973106006,-0.8585072172777759,-1.351271259435253,1.6067738447459639,-0.7230877231129443,-0.4428865992250682,1.82
-0.613639162003799,-0.24373862135251978,0.037751012973106006,-0.6250125518027477,-1.315638028057284,-1.4383094361395241,-0.7230877231129443,-0.4428865992250682,3.002
0.07411059180598194,0.6420485331142133,1.2663748897341927,-1.8387280989907913,-0.8118578602997889,1.736351856698538,-0.010614131715419355,-0.4428865992250682,2.957
-0.18235653585464,0.37920497935361325,0.6520629513536494,-1.916369356948258,-1.4335963112395262,1.9282269897821571,-0.7230877231129443,-0.4428865992250682,0.122
-0.41686513138804326,-0.08320119262589007,0.037751012973106006,-1.3614627191934234,-1.0109124631698236,2.239712595437383,-0.7230877231129443,-0.4428865992250682,1.07
-0.2200911007722877,0.07733623610073975,0.037751012973106006,-1.388865516119588,-0.43095090419046383,2.2870584074969775,-0.7230877231129443,-0.4428865992250682,1.53
6.12741701142003,7.176228362833793,9.252430088681256,-4.283285941445731,2.210823146245179,0.7969112700423768,4.264227416669731,-0.4428865992250682,3.077
1.4148601893601391,1.7496400368343392,1.2663748897341927,-0.6141656113528076,0.6613919473617629,-0.663333249269322,0.7018594596821056,0.7893937312612613,3.025
6.359580520998098,7.480578139076079,10.481053965442342,-4.995187769923385,2.6089323519852483,0.8392733124114873,2.8392802338746805,-0.4428865992250682,3.088
1.044123418785059,1.9920369598998473,1.880686828114736,-2.002573988945151,-0.3523120487356353,0.03190262255314223,-0.7230877231129443,0.7893937312612613,3.177
1.9066886710833766,3.237909567000411,3.1093107048758224,-0.4919948083903234,1.6922981930899046,0.37827461604175344,-0.7230877231129443,-0.4428865992250682,5.291
-0.613639162003799,-0.24373862135251978,0.037751012973106006,-0.004453379745643659,-0.7086443625153267,-1.3261746181036427,-0.7230877231129443,-0.4428865992250682,4.464
-0.613639162003799,-0.24373862135251978,0.037751012973106006,-0.10093406058984847,-0.7086443625153267,-1.0470835154365603,-0.7230877231129443,-0.4428865992250682,4.426
0.36319573320897713,0.49687891461023287,0.037751012973106006,-0.5456586190373958,-0.469041599801396,-0.6708089038050474,-0.010614131715419355,-0.4428865992250682,4.016
-0.613639162003799,-0.24373862135251978,0.037751012973106006,0.46995754203858225,0.12812220880870728,-0.6384144008169039,-0.7230877231129443,-0.4428865992250682,4.668
-0.18235653585464,0.37920497935361325,0.6520629513536494,0.7599704761738251,0.7609192487967801,-0.0578052318755629,-0.7230877231129443,-0.4428865992250682,4.962
-0.613639162003799,-0.24373862135251978,0.037751012973106006,0.19022065675065133,-0.19257687359301515,-0.7355979097813344,-0.7230877231129443,-0.4428865992250682,4.61
-0.613639162003799,-0.24373862135251978,0.037751012973106006,-0.4554577458221038,-0.7909694143196002,-0.49886884948336285,-0.7230877231129443,-0.4428865992250682,3.85
-0.613639162003799,-0.24373862135251978,0.037751012973106006,-0.10093406058984847,-0.7283040763790338,-1.0470835154365603,-0.7230877231129443,-0.4428865992250682,4.238
-0.613639162003799,-0.24373862135251978,0.037751012973106006,0.46995754203858225,0.0851165847318478,-0.6384144008169039,-0.7230877231129443,-0.4428865992250682,5.38
0.15213799722891422,-0.3409513316023453,0.6520629513536494,-1.694863415128427,-0.9519333215787023,-0.9399324670911625,0.7018594596821056,-0.4428865992250682,3.589
0.26662082977567575,-0.2547281380644427,-0.5765609254074373,0.6526428548796802,-0.23803996190283774,-0.9748188549245478,-0.010614131715419355,2.021674061747591,4.932
-0.09729387256570551,-0.6216875115101134,-0.5765609254074373,0.7673920670079949,-0.09059210792503426,-0.7380897946265762,-0.010614131715419355,0.7893937312612613,6.099
-0.09729387256570551,-0.6216875115101134,-0.5765609254074373,0.5858485373721538,-0.2699869969313616,-0.8776353459601176,-0.010614131715419355,0.7893937312612613,6.54
0.8503340430215468,-0.37672198958497893,-0.5765609254074373,1.1995570101977169,-0.05495887654706523,-1.209056030377278,0.7018594596821056,2.021674061747591,6.399
-0.09729387256570551,-0.6216875115101134,-0.5765609254074373,0.5487405832013059,-0.45061061805417096,-1.037115976055593,-0.010614131715419355,0.7893937312612613,6.131
0.3233292719682988,-0.8666676277469504,-0.5765609254074373,-1.3431941879093134,-1.6535393600897497,1.1133806453880863,-0.7230877231129443,0.7893937312612613,4.56
0.04085300916669925,-0.8666676277469504,-0.5765609254074373,-1.0000883347296268,-0.019325645169096194,0.2337452950177285,1.4143330510796306,-0.4428865992250682,2.54
0.6591029428456716,-0.6216875115101134,0.037751012973106006,-0.30531325433082657,-0.321593745823593,-0.6483819401978711,-0.010614131715419355,-0.4428865992250682,4.494
1.4719950108173685,0.37920497935361325,1.880686828114736,-1.3614627191934234,-0.900326572686471,0.019443198326932906,-0.7230877231129443,-0.4428865992250682,3.758
0.7957574971519548,0.6705658181807438,0.037751012973106006,-0.3926596695329764,0.576609431324526,-0.17492381960192793,2.8392802338746805,-0.4428865992250682,4.168
2.4759049893326375,1.8463711347979845,-0.5765609254074373,-0.9869578278691729,0.1318084051581525,1.8833730625678045,1.4143330510796306,-0.4428865992250682,3.85
1.4990700941198614,1.1025574445724022,-0.5765609254074373,-1.1502328262209038,0.10600503071203703,2.33191233471133,0.7018594596821056,-0.4428865992250682,3.339
0.9087480022725944,0.6145674441785548,-0.5765609254074373,-0.036994201095464176,-0.2515560151841365,-0.42162041928086674,0.7018594596821056,-0.4428865992250682,5.441
1.8273821278666258,1.4616504840104678,0.6520629513536494,-0.3738202466462382,0.03228110372313529,-0.5860848190668262,1.4143330510796306,0.7893937312612613,3.138
1.3400306284217534,1.2374964505729853,0.037751012973106006,-0.3173019779860236,-0.15202871374911933,-0.5337552373167481,0.7018594596821056,-0.4428865992250682,4.79
1.8855828974853708,1.3551849801413076,-0.5765609254074373,0.03151279121994757,0.03228110372313529,-0.5686416251501335,1.4143330510796306,-0.4428865992250682,4.39
2.3168655236345295,1.9781139865357382,0.037751012973106006,-0.43433475652485193,0.03228110372313529,-1.012197127603175,1.4143330510796306,-0.4428865992250682,3.43
-0.0680868929401817,-0.1260500917841978,-0.5765609254074373,0.1542544857850601,-0.40883372609379304,-0.09767538939943185,-0.010614131715419355,-0.4428865992250682,3.978
0.4866325303124686,0.3540589802903421,0.6520629513536494,-0.19113493380514035,-0.40883372609379304,-1.3012557696512246,0.7018594596821056,-0.4428865992250682,4.489
0.9087480022725944,0.6145674441785548,-0.5765609254074373,-0.036994201095464176,-0.20486419475783182,-0.42162041928086674,0.7018594596821056,-0.4428865992250682,3.718
0.9087480022725944,0.6145674441785548,-0.5765609254074373,0.11600474840895539,-0.20486419475783182,-1.271353151508323,0.7018594596821056,-0.4428865992250682,5.402
1.3400306284217534,1.2374964505729853,0.037751012973106006,-0.5188267137138596,-0.20486419475783182,-0.8402570732814905,0.7018594596821056,-0.4428865992250682,4.606
0.9087480022725944,0.6145674441785548,-0.5765609254074373,-0.2385189368233002,-0.2626146042324716,-0.7081871764836746,0.7018594596821056,-0.4428865992250682,3.591
-0.0680868929401817,-0.1260500917841978,-0.5765609254074373,0.1542544857850601,-0.44200949323879896,-0.09767538939943185,-0.010614131715419355,-0.4428865992250682,4.558
-0.0680868929401817,-0.1260500917841978,-0.5765609254074373,0.3072534352894797,-0.44200949323879896,-0.8153382248290724,-0.010614131715419355,-0.4428865992250682,4.611
-0.0680868929401817,-0.1260500917841978,-0.5765609254074373,0.46025238479389896,-0.44200949323879896,-1.4333256664490404,-0.010614131715419355,-0.4428865992250682,4.62
-0.0680868929401817,-0.1260500917841978,-0.5765609254074373,-0.2379480452206717,-0.5562815800715964,-0.5262795827810227,-0.010614131715419355,-0.4428865992250682,3.615
-0.0680868929401817,-0.1260500917841978,-0.5765609254074373,-0.03585241789020718,-0.5046748311793655,-0.2770910982568421,-0.010614131715419355,-0.4428865992250682,4.14
-1.0449217881529578,-0.8666676277469504,-0.5765609254074373,0.9443684638228084,-0.015639448819650972,-0.6259549765906949,-0.7230877231129443,-0.4428865992250682,3.575
-0.8794866334857571,-0.8666676277469504,-0.5765609254074373,-0.10378851860299057,0.2448517598744685,-0.000491880435001567,0.7018594596821056,-0.4428865992250682,5.01
-0.8481477575372022,-0.7061301990203206,-0.5765609254074373,0.6229564915430018,0.23502190294261494,-0.2795829831020839,-0.7230877231129443,-0.4428865992250682,5.433
-1.0449217881529578,-0.8666676277469504,-0.5765609254074373,0.8975553524072769,0.04702588912091564,-0.5387390070072318,-0.7230877231129443,-0.4428865992250682,4.909
-0.7082953587463726,-0.8666676277469504,0.037751012973106006,0.3169585925341629,0.1391807978570424,-0.7505492188527852,-0.010614131715419355,-0.4428865992250682,4.7
-0.7082953587463726,-0.8666676277469504,0.037751012973106006,-0.2682053001599785,-0.3990038691619395,-0.6060198978287603,-0.010614131715419355,-0.4428865992250682,5.069
-1.0449217881529578,-0.8666676277469504,-0.5765609254074373,1.8537987868098984,0.8973085137262479,-0.9075379641030192,-0.7230877231129443,-0.4428865992250682,6.004
-1.0449217881529578,-0.8666676277469504,-0.5765609254074373,1.4022235291308096,0.4512787554433928,-0.8801272308053594,-0.7230877231129443,-0.4428865992250682,6.281
-1.0449217881529578,-0.8666676277469504,-0.5765609254074373,1.1578819232058413,0.2448517598744685,-0.7355979097813344,-0.7230877231129443,-0.4428865992250682,5.406
-1.0449217881529578,-0.8666676277469504,-0.5765609254074373,1.1578819232058413,0.27802752701947386,-0.7355979097813344,-0.7230877231129443,-0.4428865992250682,6.7
-0.7647906113066925,-0.7279195063920351,-0.5765609254074373,0.8216267692576956,0.6073277342365683,-0.6733007886502892,-0.7230877231129443,-0.4428865992250682,4.737
-0.4428742665290208,-0.8666676277469504,-0.5765609254074373,1.4022235291308096,0.6073277342365683,-1.0047214730674496,-0.7230877231129443,-0.4428865992250682,6.027
-1.0449217881529578,-0.8666676277469504,-0.5765609254074373,0.617818467119346,-0.26630080058191685,-0.6184793220549694,-0.7230877231129443,-0.4428865992250682,4.147
-0.7701203521142699,-0.6216875115101134,-0.5765609254074373,-0.13575844835018272,-0.26630080058191685,-0.46398246164997753,-0.010614131715419355,-0.4428865992250682,3.711
-0.7701203521142699,-0.6216875115101134,-0.5765609254074373,0.4265697802388217,0.27802752701947386,-0.6309387462811784,-0.010614131715419355,-0.4428865992250682,4.851
1.7875156666259477,-0.37672198958497893,-0.5765609254074373,0.3357980154209011,1.211863935545562,-1.1990884909963107,0.7018594596821056,-0.4428865992250682,3.619
-0.4428742665290208,-0.8666676277469504,-0.5765609254074373,0.8975553524072769,0.1391807978570424,-0.9997377033769659,-0.7230877231129443,-0.4428865992250682,5.597
-0.4428742665290208,-0.8666676277469504,-0.5765609254074373,0.3123914597131355,-0.3990038691619395,-0.9897701639959987,-0.7230877231129443,-0.4428865992250682,3.357
-0.7701203521142699,-0.6216875115101134,-0.5765609254074373,-1.048043229350415,-0.8610071449590567,-0.03787015311362843,-0.010614131715419355,-0.4428865992250682,1.815
-0.4428742665290208,-0.8666676277469504,-0.5765609254074373,-0.6455646494973712,-1.0244285164511222,-0.9623594306983387,-0.7230877231129443,-0.4428865992250682,2.421
0.6527072538765786,0.2698643960790759,0.6520629513536494,-0.5582182342952213,0.6429609656145373,0.1814157132676502,2.8392802338746805,-0.4428865992250682,5.054
-1.0449217881529578,-0.8666676277469504,-0.5765609254074373,0.24559714220560908,-0.7909694143196002,-0.5536903160786827,-0.7230877231129443,-0.4428865992250682,3.89
4.898805160457299,5.163570618888037,2.494998766495279,-1.4984767038242468,4.839081143399524,1.2554180815668692,7.11412178225983,13.112197036124556,4.779
-1.0449217881529578,-0.8666676277469504,-0.5765609254074373,0.6109677678878048,-0.5231058129265905,0.37578273119651134,-0.7230877231129443,-0.4428865992250682,3.792
-0.6810070858115767,-0.4996936599895772,-0.5765609254074373,-1.261556688733448,-1.4335963112395262,0.6847764520064956,-0.7230877231129443,-0.4428865992250682,5.993
-0.5377436529038976,-0.4133829005814601,-0.5765609254074373,-1.4961931374137332,-1.6535393600897497,0.8716678153996311,-0.010614131715419355,0.7893937312612613,1.057
-0.48423305519582094,-0.33915623126294747,-0.5765609254074373,0.2570149742581777,-0.05741634078002835,0.9165217426139837,-0.7230877231129443,0.7893937312612613,4.886
-0.12031835285443977,0.027817736494425576,-0.5765609254074373,0.7548324517501692,1.071788474266649,0.14403744058902337,-0.7230877231129443,0.7893937312612613,5.541
0.19392316516032065,-0.3865585556724106,0.6520629513536494,-1.4961931374137332,-1.567528111936031,-1.1916128364605851,-0.010614131715419355,0.7893937312612613,3.638
-0.18235653585464,0.37920497935361325,0.6520629513536494,-0.9121710279248484,-0.9973964098885248,1.3476178208408163,-0.7230877231129443,-0.4428865992250682,1.22
-0.41686513138804326,-0.08320119262589007,0.037751012973106006,-0.38523807869880683,-0.18151828454467947,0.3658151918155441,-0.7230877231129443,-0.4428865992250682,2.614
-0.22776592753519906,-0.07629808319064502,0.037751012973106006,0.04235973166988783,0.10600503071203703,0.004491889255482051,-0.010614131715419355,-0.4428865992250682,4.762
-0.07831999529073015,-0.36891403282418367,-0.5765609254074373,-0.5747740907714459,-0.5636539727704869,2.1923667833777887,-0.7230877231129443,-0.4428865992250682,2.829
-0.18235653585464,0.37920497935361325,0.6520629513536494,0.9432266806175514,0.7646054451462253,-0.23472905588773135,-0.7230877231129443,-0.4428865992250682,5.37
-1.0449217881529578,-0.8666676277469504,-0.5765609254074373,0.669769602958533,-0.7909694143196002,0.9364568213759181,-0.7230877231129443,-0.4428865992250682,4.819
-0.6810070858115767,-0.4996936599895772,-0.5765609254074373,-0.4919948083903234,-0.8118578602997889,1.3127314330074311,-0.7230877231129443,-0.4428865992250682,4.039
-1.0449217881529578,-0.8666676277469504,-0.5765609254074373,1.084236906466774,-0.6189469180121628,1.424866251043312,-0.7230877231129443,-0.4428865992250682,5.47
-1.0449217881529578,-0.8666676277469504,-0.5765609254074373,1.438189700096401,-0.2478698188346913,1.3625691299122673,-0.7230877231129443,-0.4428865992250682,5.299
0.07645567776131597,0.1883551652210554,-0.5765609254074373,2.3030904780784733,2.0388006499377425,0.869175930554389,-0.7230877231129443,2.021674061747591,6.194
0.15213799722891422,-0.3409513316023453,0.6520629513536494,-0.18999315059988348,-0.0352991626833581,0.2262696404820028,0.7018594596821056,-0.4428865992250682,3.52
0.11845403532502544,-0.2678922072200264,-0.5765609254074373,0.5310429435198244,0.4918269152872886,2.3194529104851207,-0.7230877231129443,-0.4428865992250682,4.862
1.146241252658241,-0.570943089720796,-0.5765609254074373,0.5812814045511264,0.4918269152872886,-0.44653926773328484,-0.7230877231129443,-0.4428865992250682,7.676
-0.035255689565505274,-0.04858348526774774,-0.5765609254074373,0.6103968762851765,1.192204221681855,-0.15249685599475166,1.4143330510796306,-0.4428865992250682,4.943
0.9778214431387967,0.6601600739369176,-0.5765609254074373,1.0060247569066787,0.6331311086826837,0.6498900641731103,1.4143330510796306,-0.4428865992250682,7.012
-0.0725638752185467,-0.45410103023121445,-0.5765609254074373,0.4499763359465873,0.3849272211533815,-0.26213978918539127,-0.010614131715419355,-0.4428865992250682,5.548
-0.6119336449453742,-0.45410103023121445,-0.5765609254074373,0.29526471163428264,0.0015628008110924938,0.572641633970614,-0.010614131715419355,0.7893937312612613,3.078
1.5402156931543587,-0.7754677739185222,-0.5765609254074373,-0.30988038715185406,0.19570247521520068,-0.6832683280312565,0.7018594596821056,-0.4428865992250682,5.976
0.4503902928209426,-0.123700407600108,1.2663748897341927,-1.471073906898082,-1.1350144069344748,-0.7405816794718181,0.7018594596821056,-0.4428865992250682,3.936
-0.7884546604923359,-0.6038094796746478,0.037751012973106006,-0.8585072172777759,-1.21856819085523,1.9755728018417518,-0.010614131715419355,-0.4428865992250682,3.118
-0.7884546604923359,-0.6038094796746478,0.037751012973106006,-0.06325521481637189,-0.45061061805417096,0.15898874966047422,-0.010614131715419355,-0.4428865992250682,5.46
0.29241677528434995,0.39395982848476074,0.6520629513536494,0.16338875142711498,0.0556270139362871,0.5576903248991631,2.8392802338746805,-0.4428865992250682,3.601
0.8317865450111775,0.39395982848476074,0.6520629513536494,-0.017583886606097388,0.09126024531425668,0.2636479131606302,2.8392802338746805,-0.4428865992250682,3.63
-0.48423305519582094,-0.33915623126294747,-0.5765609254074373,-0.9806780202402602,-1.1350144069344748,2.0627887714252147,-0.7230877231129443,0.7893937312612613,2.09
1.2366336567547527,-0.10294729635926556,-0.5765609254074373,-0.9498498736983247,0.1391807978570424,0.4480473917085241,-0.010614131715419355,-0.4428865992250682,5.762
0.11845403532502544,-0.2678922072200264,-0.5765609254074373,1.2246762407133678,0.5987266094211963,1.105904990852361,-0.7230877231129443,-0.4428865992250682,6.56
0.7175169020967193,-0.17421132040218665,0.037751012973106006,0.8239103356682094,0.5336038072476665,1.1457751483762295,-0.010614131715419355,-0.4428865992250682,8.113
1.7254774836257467,-0.4211032914720408,-0.5765609254074373,-0.6615496143709673,0.16744163653612154,0.9738350940545449,-0.7230877231129443,-0.4428865992250682,9.15
-1.0449217881529578,-0.8666676277469504,-0.5765609254074373,0.3643425955523228,-0.6287767749440164,0.024426968017416523,-0.7230877231129443,-0.4428865992250682,4.502
0.9055501577880479,0.8463543026364033,2.494998766495279,-1.5030438366452743,-0.7774533610383014,1.4148987116623448,2.8392802338746805,-0.4428865992250682,1.983
-0.9758483472867554,-0.8210749979885875,-0.5765609254074373,1.4027944207334382,0.9489152626184794,-0.0029837652802430993,-0.010614131715419355,-0.4428865992250682,5.551
-0.09729387256570551,-0.6216875115101134,-0.5765609254074373,-0.6546989151394261,-1.4335963112395262,-0.9175055034839862,-0.010614131715419355,0.7893937312612613,5.418
-0.7884546604923359,-0.6038094796746478,0.037751012973106006,-1.4134138550326107,-1.6535393600897497,2.8003866856167896,-0.010614131715419355,-0.4428865992250682,2.958
0.5751062277182524,0.2100131237874479,0.037751012973106006,-1.2826796780307,-0.5009886348299203,0.17394005873192508,0.7018594596821056,0.7893937312612613,6.964
-0.030991896919443332,0.08422475122428232,0.037751012973106006,-0.4189206832538842,0.17604276135149355,0.8043869245781019,-0.010614131715419355,-0.4428865992250682,4.91
0.15213799722891422,-0.3409513316023453,0.6520629513536494,-1.471073906898082,-1.1571315850311452,-0.44155549804280125,0.7018594596821056,-0.4428865992250682,3.825
-0.5916806298765802,0.21172065825663122,0.037751012973106006,1.055692326335352,1.0840757954314657,0.16895628904144144,-0.010614131715419355,-0.4428865992250682,5.783
1.1628700439778823,1.0856864202444034,-0.5765609254074373,0.4933640977463481,1.909783777707164,0.24869660408917935,1.4143330510796306,2.021674061747591,6.389
1.309757700634714,1.191816254944408,0.037751012973106006,0.26443656509234725,1.2130926676620435,0.405685349339413,0.7018594596821056,2.021674061747591,4.071
0.3836619379100743,0.16866743873448958,0.6520629513536494,-0.7146425334154113,0.2153621890789078,0.2088264465653104,1.4143330510796306,-0.4428865992250682,6.119
0.47000373899282727,0.5094154283626123,-0.5765609254074373,-0.7574594036125437,0.84815922906698,0.2312534101724864,-0.7230877231129443,-0.4428865992250682,2.506
0.11845403532502544,-0.2678922072200264,-0.5765609254074373,-0.6038895625054959,-0.5095897596452923,2.047837462353764,-0.7230877231129443,-0.4428865992250682,9.099
1.614192495563532,0.11490199442277108,-0.5765609254074373,-0.7329110646995212,0.5753806992080439,-0.26712355887587486,-0.010614131715419355,2.021674061747591,5.6
0.3028630672672016,0.302978889331869,-0.5765609254074373,-0.20997435669187864,1.6603511580613801,0.24371283439869573,-0.7230877231129443,-0.4428865992250682,8.028
-0.6513737269214466,-0.5455927702936909,-0.5765609254074373,1.1213448606376217,0.8149834619219747,-0.4889013101023956,-0.7230877231129443,-0.4428865992250682,7.087
-0.05295042904666203,0.2837727751314831,0.037751012973106006,0.25929854066869146,0.43653397004561245,-0.07774031063749737,-0.7230877231129443,0.7893937312612613,3.794
-0.27146980215733324,-0.5433160576681133,-0.5765609254074373,-1.4961931374137332,-1.567528111936031,0.6972358762327044,-0.7230877231129443,-0.4428865992250682,0.495
-0.8794866334857571,-0.8666676277469504,-0.5765609254074373,-0.4097864176118293,0.21290472484594414,0.2810911070773226,0.7018594596821056,-0.4428865992250682,4.823
-1.0449217881529578,-0.8666676277469504,-0.5765609254074373,1.3040301734787196,0.2989159729996631,-0.6134955523644858,-0.7230877231129443,-0.4428865992250682,6.19
-1.0449217881529578,-0.8666676277469504,-0.5765609254074373,0.5453152335855351,-0.6410640961088333,0.14403744058902337,-0.7230877231129443,-0.4428865992250682,4.3
-0.0680868929401817,-0.1260500917841978,-0.5765609254074373,-0.03585241789020718,-0.469041599801396,-0.2770910982568421,-0.010614131715419355,-0.4428865992250682,4.01
-0.613639162003799,-0.24373862135251978,0.037751012973106006,-0.06325521481637189,-0.6644100063219857,-0.082724080327981,-0.7230877231129443,-0.4428865992250682,4.038
-1.0449217881529578,-0.8666676277469504,-0.5765609254074373,0.17366480027442688,-0.7909694143196002,-0.13256177723281717,-0.7230877231129443,-0.4428865992250682,3.002
-0.4902023649003076,-0.3865585556724106,0.6520629513536494,-0.2539330100942678,-0.7283040763790338,-0.33938821938788705,-0.010614131715419355,-0.4428865992250682,5.312
-0.7777951788771812,-0.7061301990203206,-0.5765609254074373,1.226388915521253,0.26451147373817563,-1.4034230483061387,-0.7230877231129443,-0.4428865992250682,5.513
-1.0449217881529578,-0.8666676277469504,-0.5765609254074373,-0.04441579192963372,-1.351271259435253,-1.2040722606867942,-0.7230877231129443,-0.4428865992250682,3.492
-1.0449217881529578,-0.8666676277469504,-0.5765609254074373,-0.04441579192963372,-1.21856819085523,-0.5661497403048917,-0.7230877231129443,-0.4428865992250682,2.608
-0.8481477575372022,-0.7061301990203206,-0.5765609254074373,-0.40921552600920097,-0.8118578602997889,-0.007967534970726718,-0.7230877231129443,-0.4428865992250682,2.778
-1.0449217881529578,-0.8666676277469504,-0.5765609254074373,-0.5365243533953409,-1.6535393600897497,-1.1891209516153434,-0.7230877231129443,-0.4428865992250682,2.659
-1.0449217881529578,-0.8666676277469504,-0.5765609254074373,1.020867938575018,-0.4678128676849144,-1.3037476544964663,-0.7230877231129443,-0.4428865992250682,5.389
-0.4902023649003076,-0.3865585556724106,0.6520629513536494,0.7496944273265134,-0.5243345450430726,-1.9067837870449835,-0.010614131715419355,-0.4428865992250682,5.559
-0.613639162003799,-0.24373862135251978,0.037751012973106006,0.7496944273265134,-0.5243345450430726,-1.7772057750924095,-0.7230877231129443,-0.4428865992250682,5.76
-1.0449217881529578,-0.8666676277469504,-0.5765609254074373,1.1772922376952077,-0.5771700260517851,-1.2040722606867942,-0.7230877231129443,-0.4428865992250682,5.55
-0.0680868929401817,-0.1260500917841978,-0.5765609254074373,0.46025238479389896,-0.42603597572453705,-1.4333256664490404,-0.010614131715419355,-0.4428865992250682,4.251
-1.0449217881529578,-0.8666676277469504,-0.5765609254074373,2.24257596819986,0.32594807956226013,-1.3959473937704132,-0.7230877231129443,-0.4428865992250682,7.509
-1.0449217881529578,-0.8666676277469504,-0.5765609254074373,1.8086983502022527,0.19201627886575545,-1.1866290667701016,-0.7230877231129443,-0.4428865992250682,6.67
0.0410661987990023,0.24442651078175642,0.037751012973106006,0.9757675019673719,0.881334996211986,0.12659424667233096,1.4143330510796306,-0.4428865992250682,5.02
-0.34843125941875014,-0.20912091399437746,-0.5765609254074373,0.6001208274378645,0.7326584101177009,-0.4091609950546577,0.7018594596821056,0.7893937312612613,4.821
-1.0449217881529578,-0.8666676277469504,-0.5765609254074373,1.2058368178266297,0.0851165847318478,-0.8228138793647978,-0.7230877231129443,-0.4428865992250682,5.422
-0.03056551765483723,0.039916420895732496,-0.5765609254074373,0.47338289165435293,-0.21715151592264906,-1.4607363997467,0.7018594596821056,2.021674061747591,6.21
1.6506479226873612,1.364043727344677,1.2663748897341927,-1.4134138550326107,0.15761177960426798,-0.07026465610177222,2.1268066424771557,-0.4428865992250682,3.839
0.06451705835234266,0.0935505164021292,1.880686828114736,0.731996787645032,0.31611822263040656,-1.333650272639368,0.7018594596821056,-0.4428865992250682,5.381
-0.4902023649003076,-0.3865585556724106,0.6520629513536494,-0.10093406058984847,-0.7160167552142169,-1.1367913698652654,-0.010614131715419355,-0.4428865992250682,6.108
-0.4902023649003076,-0.3865585556724106,0.6520629513536494,-0.10093406058984847,-0.7283040763790338,-1.1367913698652654,-0.010614131715419355,-0.4428865992250682,5.19
1.4167788960508672,0.3662452305618634,1.880686828114736,-1.2935266184806402,-0.27367319328080675,-1.268861266663081,2.8392802338746805,0.7893937312612613,4.006
0.18155816648674122,0.7461789471109863,0.6520629513536494,0.5744307053195852,0.9415428699195889,0.2885667616130483,-0.7230877231129443,-0.4428865992250682,4.535
-0.20410187834955565,-0.20040810990803218,-0.5765609254074373,1.1578819232058413,1.9908800973949567,0.16646440419619993,-0.7230877231129443,0.7893937312612613,8.164
-0.6119336449453742,-0.45410103023121445,-0.5765609254074373,-1.2021839620600911,-0.8831243230557273,1.2604018512573527,-0.010614131715419355,0.7893937312612613,4.906
0.8157973225884455,0.7487475459706124,0.037751012973106006,0.30782432689210804,0.9132820312405103,-0.7679924127694779,1.4143330510796306,0.7893937312612613,4.022
-0.030991896919443332,0.08422475122428232,0.037751012973106006,-0.6352886006500594,0.4893694510543255,0.5277877067562614,-0.010614131715419355,-0.4428865992250682,3.47
-0.24972445966241777,0.12323534640485337,0.037751012973106006,-0.36354419779892644,-0.5771700260517851,-0.46398246164997753,-0.7230877231129443,-0.4428865992250682,4.462
0.5454728688281223,1.1131529148683597,0.6520629513536494,-1.5721217205633145,-0.8327463062799778,0.05432958616031824,-0.7230877231129443,2.021674061747591,2.764
-0.05295042904666203,0.2837727751314831,0.037751012973106006,0.04235973166988783,-0.0352991626833581,-0.16246439537571888,-0.7230877231129443,0.7893937312612613,3.474
2.2740144075416078,3.184158717000395,1.880686828114736,-2.0904912957499295,0.6540195546628724,1.2429586573406604,0.7018594596821056,4.4862347227202495,3.103
1.4423616519272384,1.765649996771895,1.880686828114736,-2.434168040532245,-0.5894573472166024,1.9357026443178829,-0.010614131715419355,0.7893937312612613,3.908
0.006742667998204198,0.38609349447715585,0.6520629513536494,0.9614952119016612,0.6712218042936164,-0.8950785398768102,-0.010614131715419355,0.7893937312612613,4.121
-0.613639162003799,-0.24373862135251978,0.037751012973106006,-1.117121113268455,-1.4335963112395262,-0.22974528619724774,-0.7230877231129443,-0.4428865992250682,2.579
-0.5445657211375966,-0.19813139728245452,0.037751012973106006,-1.3614627191934234,-1.1350144069344748,2.3618149528542314,-0.010614131715419355,-0.4428865992250682,2.959
0.2111915253768713,0.7002652424951702,0.6520629513536494,-1.8501459310433601,-0.2478698188346913,2.199842437913514,-0.7230877231129443,-0.4428865992250682,0.46
0.15213799722891422,-0.3409513316023453,0.6520629513536494,0.46139416799915595,0.6097851984695314,-0.8776353459601176,0.7018594596821056,-0.4428865992250682,3.531
1.2119036594075938,-0.5760948817517505,-0.5765609254074373,-0.9595550309430081,-0.4727277961508412,-1.358569121091786,0.7018594596821056,-0.4428865992250682,5.922
-0.0680868929401817,-0.1260500917841978,-0.5765609254074373,0.11714653161421212,-0.5046748311793655,-1.0869536729604292,-0.010614131715419355,-0.4428865992250682,3.64
-1.0449217881529578,-0.8666676277469504,-0.5765609254074373,1.4022235291308096,0.4402201663950577,-0.8801272308053594,-0.7230877231129443,-0.4428865992250682,6.173
-0.5319875328317141,-0.34454153228114076,0.6520629513536494,0.5835649709616401,0.41318805983246065,-0.50883638886433,0.7018594596821056,-0.4428865992250682,4.651
-0.8481477575372022,-0.7061301990203206,-0.5765609254074373,0.55444949922759,0.27802752701947386,-0.44653926773328484,-0.7230877231129443,-0.4428865992250682,3.953
-1.0449217881529578,-0.8666676277469504,-0.5765609254074373,1.6334346281953243,0.749860659748445,-0.8003869157576214,-0.7230877231129443,-0.4428865992250682,6.219
-0.7647906113066925,-0.7279195063920351,-0.5765609254074373,0.3169585925341629,0.1391807978570424,-0.5636578554596499,-0.7230877231129443,-0.4428865992250682,4.995
-1.0449217881529578,-0.8666676277469504,-0.5765609254074373,-0.027859935453409274,-0.8610071449590567,-0.33938821938788705,-0.7230877231129443,-0.4428865992250682,2.48
