0,1,2,3,4,5,6,7,8,9,10,target
-0.14552,8.5709,-0.60261,0.03077,0.0058599,0.026287,0.011241,0.0039462,-0.00379,0.020535,0.016056,0.022417
5.8545,6.5709,0.39739,0.010624,0.0027306,-0.0021445,0.0048017,-0.0026295,0.0028105,0.00066051,0.00039104,0.0078995
-2.1455,12.571,0.39739,-0.022131,0.0057986,-0.013,-0.0035308,-0.026317,0.0012424,-0.012293,-0.010659,-0.0065244
1.8545,-4.4291,0.39739,-0.027211,-0.029227,-0.021972,-0.025216,-0.027714,-0.022483,-0.025381,-0.015049,-0.018931
1.8545,-11.429,-0.60261,0.004349,0.0023643,-0.0025338,-0.0028836,0.0018672,-0.00022128,-0.0030258,-0.0042846,0.00022466
0.85448,15.571,-0.60261,0.014642,9.623e-05,-0.0060552,-0.0055319,0.018367,0.0043373,-0.0028714,0.0098198,0.0091973
0.85448,-9.4291,0.39739,0.02137,-0.0006433,0.020506,0.028403,0.0073527,0.018589,0.025892,0.014651,0.017433
5.8545,-6.4291,-0.60261,-0.013,0.0030223,-0.0079083,-0.004193,-0.013785,0.0032344,-0.00894,-0.0054145,-0.009858
1.8545,-9.4291,0.39739,0.0041783,-0.0043542,-0.012465,-0.0067543,-0.0015308,-0.0055798,-0.01067,-0.0027821,0.0008826
0.85448,1.5709,-0.60261,-0.010834,-0.0010261,0.0035487,0.0056607,0.0051524,0.0020265,0.0059226,0.0093464,-0.012952
-2.1455,1.5709,-0.60261,-0.0079931,0.0043138,0.013791,0.0092617,0.01694,-0.0063164,0.01453,-0.0064619,-0.0042469
0.85448,13.571,0.39739,0.003877,-0.0048106,-0.0079064,-0.0015823,-0.0061948,0.0012477,-0.0036783,0.00049634,0.003868
-2.1455,14.571,0.39739,0.0072052,-0.017431,-0.0022207,-0.012058,-0.00030771,-0.0075475,-0.0065393,0.0032288,0.0027273
1.8545,-5.4291,-0.60261,0.0027376,-0.0039939,-0.0082302,-0.0024989,0.010408,0.0079018,-0.0036478,0.0032603,-0.0034613
2.8545,14.571,0.39739,0.0072368,-0.0037318,-0.0035903,-0.004234,-0.020387,0.0019783,-0.0025227,0.0025763,0.0017671
2.8545,-7.4291,-0.60261,-0.0082108,-0.0006433,0.0026085,0.0023438,0.0066721,0.020077,0.0024029,0.012993,-0.011126
3.8545,12.571,-0.60261,-0.031633,-0.020378,-0.025652,-0.023971,-0.013854,-0.049581,-0.022085,-0.026887,-0.031712
-2.1455,-8.4291,-0.60261,-0.03658,-0.024787,-0.007019,-0.016412,-0.0031431,-0.0087088,-0.011444,-0.0065018,-0.011926
-2.1455,3.5709,0.39739,-0.015764,0.0038678,-0.0037119,-0.0033171,-0.017882,-0.005599,-0.0056959,-0.016455,-0.0028405
-3.1455,2.5709,0.39739,-0.020056,-0.00096919,-0.0027097,-0.00086466,-0.0098442,-0.0013083,-0.0034611,-0.0010544,-0.015896
3.8545,-14.429,-0.60261,-0.0079575,-0.026741,-0.022202,-0.017423,-0.015681,-0.0183,-0.017848,-0.004169,-0.0038419
5.8545,-1.4291,0.39739,0.0031371,0.00026724,-0.0010039,0.0046633,0.0019125,-0.0064913,0.0024743,0.002035,0.00031664
1.8545,-9.4291,-0.60261,-0.0086277,-0.0062839,0.0024444,0.0087855,0.012828,-0.012154,0.0066713,0.00068824,-0.0030744
0.85448,14.571,0.39739,-0.016854,-0.0005798,0.00144,-0.011104,-0.016813,0.0074086,-0.0066365,-0.0042309,-0.016065
-4.1455,-11.429,-0.60261,0.021679,-0.008161,0.025856,0.014764,0.026601,0.0086296,0.018299,0.01423,0.016949
-4.1455,7.5709,0.39739,-0.034534,-0.01282,-0.015664,-0.0074475,-0.0049693,-0.017081,-0.011925,-0.0027621,-0.024249
-1.1455,2.5709,0.39739,0.019653,-0.014941,0.013844,0.0079668,0.00036421,-0.033677,0.013269,-0.003355,0.01442
-1.1455,-3.4291,0.39739,0.029447,0.013003,0.023137,0.0086895,-0.0019487,0.01139,0.012435,0.0062315,0.024845
-5.1455,-3.4291,1.3974,0.0075118,0.008324,0.017439,0.0055736,-0.00010604,0.016101,0.013926,0.010936,0.0021316
-3.1455,10.571,-0.60261,-0.0010061,0.022409,0.007786,0.0058536,0.017961,0.017788,0.0040938,0.015482,-0.0065973
1.8545,-6.4291,0.39739,0.0066554,0.0048248,0.013865,0.01403,-0.0075554,-0.0043629,0.012897,0.0026756,0.0005883
0.85448,12.571,-0.60261,0.0068438,-0.0032531,-0.015455,-0.013083,-0.00044649,-0.0023479,-0.010185,0.0025594,0.0024073
-3.1455,4.5709,-0.60261,-0.0025039,-0.020611,0.0055118,0.0062784,0.033055,-0.010298,0.0029044,-0.0075903,0.0012898
0.85448,-14.429,-0.60261,0.0065146,0.0037091,0.01921,0.020795,-0.0021682,0.00059851,0.018526,0.010114,0.0063679
-4.1455,1.5709,-0.60261,-0.05224,-0.0006433,-0.0007208,-0.025166,-0.013904,-0.049765,-0.031406,-0.039259,-0.042765
1.8545,-1.4291,-0.60261,-0.0086945,-0.0092113,-0.017901,-0.0092753,0.0072833,-0.0081482,-0.0087955,-0.0023628,-0.005713
-5.1455,8.5709,1.3974,-0.0089785,0.005176,3.6446e-05,0.0075302,0.0065392,0.0033083,0.0036874,-0.0020807,-0.012696
3.8545,-8.4291,0.39739,-0.0006661,-0.0022913,0.0001591,-0.0039131,-0.00099103,-0.0098063,-0.00039298,-0.0062281,-0.0034363
3.8545,-0.4291,0.39739,0.0061363,0.0013822,0.0049992,-0.0046745,-0.0090335,0.00098772,-0.0013217,-0.0040977,0.010939
-2.1455,-1.4291,-0.60261,-0.010772,-0.020912,0.013844,-0.00051028,-0.0095102,-0.013494,0.00994,0.0064782,-0.01174
-3.1455,14.571,0.39739,0.0013477,-0.0006007,-0.0030624,-0.0072572,0.0097152,-0.00063512,-0.0044586,0.0023866,-0.00010872
3.8545,-1.4291,0.39739,-0.0056807,-0.0042914,0.0024988,-0.0040311,0.018653,-0.00069818,-0.003089,0.0040989,-0.015133
-2.1455,-9.4291,0.39739,-0.002909,0.0010396,0.0019458,-0.00051028,-0.0053454,-0.0036603,0.0047796,0.0020132,-0.0057061
5.8545,-8.4291,-0.60261,-0.01297,-0.0031148,-0.0063921,-0.002711,0.014057,0.012406,-0.0038285,-0.0005328,-0.0053526
-4.1455,6.5709,0.39739,-0.0093776,-0.0016897,-0.0066119,-0.0016494,0.026676,-0.0070638,-0.0031788,0.0070829,-0.01534
-5.1455,-4.4291,0.39739,-0.0075849,0.0011019,-0.00024225,0.00019418,0.0071489,0.0014812,-0.00096826,0.0045114,-0.01776
-0.14552,-13.429,0.39739,0.016414,0.024871,-0.0007325,-0.0028371,-0.011552,0.016728,8.5195e-05,0.0025084,0.012087
0.85448,0.5709,0.39739,0.0031916,-0.029886,-0.01862,-0.010616,-0.029342,-0.019215,-0.016145,-0.0074087,-0.00094563
-0.14552,12.571,0.39739,0.015399,-0.0026793,0.013447,0.0044709,-0.0047891,-0.010219,0.0086543,-0.00039623,0.0085029
-1.1455,11.571,0.39739,0.013441,0.031704,0.029913,0.030196,0.01191,0.030176,0.029386,0.016248,0.0056353
4.8545,14.571,0.39739,0.0096271,-0.006732,-0.0021372,-0.004608,-0.019144,-0.0039291,-0.0059842,-0.0059338,0.018132
-0.14552,14.571,-0.60261,0.0049099,-0.0092107,-0.016494,-0.010998,0.017418,-0.013927,-0.010227,-0.007868,0.0013008
-0.14552,-12.429,0.39739,0.0066249,0.0033999,0.011481,0.011051,0.031559,-0.02127,0.01184,0.010519,0.0018915
-4.1455,-5.4291,1.3974,-0.026473,0.00010592,0.0019229,-0.0058614,-0.0014555,0.0046549,-0.004213,-0.015696,-0.019293
-5.1455,-12.429,1.3974,0.015963,0.010608,0.010147,0.018628,-0.00030771,-0.00093533,0.0091623,0.0072317,0.022373
-0.14552,13.571,-0.60261,0.0029869,0.008381,0.021765,0.011909,-0.0098618,0.011649,0.01563,0.0020733,0.00068671
-1.1455,-8.4291,-0.60261,-0.013245,-0.013934,-0.016542,-1.0004e-05,-0.00030771,-0.029315,-0.0057047,-0.0034033,-0.027902
-4.1455,-11.429,1.3974,0.012407,0.0022368,0.0024062,0.0018435,0.010387,-0.023597,0.0022906,-0.0041209,0.022878
0.85448,4.5709,0.39739,0.0033375,0.010709,-0.007671,-0.002221,-0.00030771,0.017318,-0.0036733,0.0062608,0.0003202
0.85448,-9.4291,-0.60261,-0.011277,-0.0006433,-0.01277,-0.010331,-0.014177,-0.0070994,-0.010997,-0.014891,-0.0026819
0.85448,-8.4291,0.39739,-0.0022659,0.030207,0.0079739,0.00947,-0.0065803,0.018515,0.012468,5.1043e-05,-0.0014387
2.8545,-13.429,-0.60261,-0.033157,-0.0039452,-0.0021202,-0.00096684,-0.024297,-0.0086511,-0.0064549,-0.0092569,-0.026973
-5.1455,-0.4291,-0.60261,-0.01882,0.00068501,-0.020271,-0.014845,-0.050755,0.029378,-0.012541,-0.024365,-0.00096697
-1.1455,6.5709,-0.60261,0.0070073,-0.0021416,0.0029617,0.0040358,-0.0044548,0.0086221,-0.0012802,0.0011941,0.0068017
5.8545,-1.4291,-0.60261,0.0091148,0.006292,0.0072335,0.009644,-0.0005244,0.00024779,0.0075594,0.0033892,0.014679
-3.1455,-6.4291,-0.60261,-0.017989,-0.010718,0.0062427,0.002798,-0.01252,-0.010794,-0.00064853,-0.0064943,-0.0087624
-1.1455,-9.4291,-0.60261,0.013988,0.016611,0.0049667,0.013139,-0.00030771,0.015293,0.012258,0.010801,0.019432
-0.14552,-10.429,-0.60261,0.012655,-0.0031612,0.001691,0.011206,0.0098843,-0.0032386,0.0057848,0.0062593,0.012318
-2.1455,11.571,-0.60261,-0.0093178,-0.010761,0.0034955,0.002133,0.0017973,-0.021499,0.00072324,-0.019673,-0.0057918
2.8545,8.5709,-0.60261,0.0069301,-0.0102,-0.01785,-0.012273,-0.00030771,-0.0084016,-0.01465,-0.011089,0.0073948
1.8545,-10.429,-0.60261,-0.01803,-0.0035611,-0.012608,-0.0057257,-0.012183,0.0052201,-0.0066572,-0.0057961,-0.019623
4.8545,-2.4291,-0.60261,-0.010597,0.0050796,0.0033089,0.0032541,-0.0038,0.012596,0.0014597,0.0019807,-0.0078875
-4.1455,-6.4291,-0.60261,0.019915,0.00084075,0.0040454,0.0031411,-0.013718,-0.016397,0.0051566,0.0069595,0.0097243
-0.14552,-11.429,-0.60261,-0.028055,0.010775,0.001309,0.00028787,-0.0077995,0.025158,0.00072808,-0.0022196,-0.020801
-4.1455,-12.429,0.39739,-0.00088517,-0.0061327,-0.0073226,-0.0062428,0.0028922,-0.0017397,-0.0064116,0.010605,-0.0030613
-4.1455,-9.4291,-0.60261,0.041207,0.025897,0.028585,0.014277,0.015538,0.038347,0.018656,0.031402,0.034978
5.8545,5.5709,0.39739,0.016665,0.0053687,0.0077054,0.0096558,0.014665,0.013104,0.010086,0.008533,0.018915
1.8545,9.5709,-0.60261,-0.0018814,0.0017233,0.0060212,0.0036882,-0.0082486,-0.0070814,0.0044871,-0.0024006,0.0046625
2.8545,-1.4291,-0.60261,-0.006766,0.0056758,-0.0013931,0.00096524,-0.023777,0.0076288,-0.0011693,-0.0093411,-0.0036238
-3.1455,-4.4291,-0.60261,0.02288,0.0017995,0.0062321,-0.0062871,0.044206,-0.0006776,0.0034799,0.01188,-0.0030392
-3.1455,-13.429,-0.60261,-0.032876,-0.048385,-0.036116,-0.055326,-0.039141,-0.0533,-0.049287,-0.036301,-0.015318
-4.1455,8.5709,0.39739,-0.045079,0.0090302,0.0013185,0.0047065,-0.015224,-0.0056813,0.0026517,-0.0073306,-0.036398
-5.1455,-1.4291,-0.60261,-0.037105,-0.034676,-0.048104,-0.051455,0.0026046,-0.041237,-0.045691,-0.0096126,-0.042796
-5.1455,-10.429,-0.60261,0.036824,-0.0053226,0.0014726,0.0033841,-0.00030771,0.030255,0.012227,0.027589,0.034125
-5.1455,7.5709,-0.60261,-0.01156,0.0047199,-0.010361,-0.00043628,-0.039116,0.0053257,-0.0040906,-0.0090133,0.0040324
4.8545,3.5709,-0.60261,-0.015325,-0.01416,-0.015592,-0.014535,-0.013553,-0.0037808,-0.016092,-0.0063838,-0.0082271
-4.1455,11.571,-0.60261,-0.011071,-0.02449,-0.02612,-0.022588,0.014399,-0.00085673,-0.018732,-0.0070861,-0.0075208
-4.1455,-6.4291,1.3974,-0.0048071,-0.003433,-0.0010404,-0.0069334,-0.0020156,-0.024831,-0.0034946,-0.015184,0.0031941
-5.1455,12.571,1.3974,-0.040151,-0.018657,-0.0081242,-0.014641,-0.011663,-0.021018,-0.010948,-0.010848,-0.030127
-3.1455,9.5709,-0.60261,0.013306,0.008937,0.0078232,-0.0033777,-0.0012872,0.0068221,0.0066553,0.0073737,0.019536
-3.1455,-9.4291,-0.60261,-0.020787,0.00057199,-0.008621,-0.00028367,-0.035965,-0.0080251,-0.011643,-0.0030336,0.0063299
-2.1455,-3.4291,0.39739,-0.0051467,0.0011218,-0.0005624,0.00063272,0.0039281,-0.012243,0.0018326,-0.0061151,-0.0077923
-1.1455,-2.4291,-0.60261,-0.0022555,-0.027907,-0.027127,-0.022003,0.0041861,-0.034209,-0.024914,-0.01161,-0.0081379
-3.1455,-7.4291,0.39739,0.020859,-0.00081895,-0.00096754,0.00072115,0.0204,-0.0048939,0.00059409,0.0088203,0.011039
-4.1455,10.571,-0.60261,-0.0023642,-0.016549,0.024036,0.016645,-0.00074876,-0.0022964,0.020432,-0.0032671,-0.00095712
0.85448,7.5709,0.39739,-0.0080542,0.0075431,0.0032098,-0.00073613,0.02222,0.0077722,0.00047046,0.0064005,-0.012029
-5.1455,-9.4291,1.3974,0.005298,-0.0027684,0.0052514,-0.0045556,0.013943,-0.0081634,-0.0010908,-0.003582,0.0053535
1.8545,11.571,-0.60261,0.004755,0.0021346,-0.010117,-0.0048545,-0.016008,-0.0020092,-0.0046266,-0.0074096,0.0073585
-2.1455,11.571,0.39739,-0.019171,-0.024303,-0.028356,-0.026997,0.0038811,-0.035818,-0.029492,-0.012825,-0.015713
2.8545,12.571,-0.60261,-0.00092764,0.01701,0.026654,0.015786,-0.025607,0.014861,0.017145,-0.0041276,0.0023728
-5.1455,4.5709,-0.60261,-0.031214,-0.0006433,-0.018554,-0.0046811,-0.023719,-0.041835,-0.015559,-0.025043,-0.015338
0.85448,-7.4291,-0.60261,-0.011388,-0.0023132,-0.0062906,-0.011751,-0.024122,-0.0065926,-0.011842,-0.0088811,-0.0031486
-4.1455,10.571,0.39739,0.020615,0.00076105,0.011162,0.013842,0.0020722,0.0048253,0.013354,0.0068099,0.017998
0.85448,11.571,0.39739,0.017129,-0.0016932,0.0013918,0.0022144,-0.0010245,0.0025353,0.0050319,0.001071,0.012078
2.8545,8.5709,0.39739,0.00076274,0.02033,0.017479,0.0087132,-0.00030771,-0.009666,0.013135,0.00044121,-0.00086771
-1.1455,-8.4291,0.39739,-0.07852,-0.01607,-0.033962,-0.027091,-0.031753,-0.009535,-0.034346,-0.015661,-0.058381
1.8545,-10.429,0.39739,-0.0074712,-0.0019127,-0.00036549,-0.0043049,0.016887,0.0011132,-0.0024317,-0.001576,-0.0062745
4.8545,10.571,0.39739,-0.025183,-0.0006433,-0.0051903,-0.0058236,-0.0043039,-0.017449,-0.0062935,-0.010024,-0.01665
-3.1455,15.571,-0.60261,0.034664,0.012401,0.022944,0.041946,-0.015792,0.0057576,0.033435,0.0068983,0.022778
-0.14552,-8.4291,0.39739,-0.01753,-0.014268,-0.0064504,-0.011673,-0.039484,-0.0089608,-0.0099408,-0.016904,-0.0072532
-5.1455,13.571,0.39739,-0.0024606,-0.010521,0.01156,0.0077729,-0.021291,-0.0037752,0.009602,-0.0072507,-0.0038199
-5.1455,10.571,-0.60261,0.060156,0.0048946,0.034066,0.037381,-0.0084893,0.0089028,0.032329,0.0093837,0.045202
1.8545,-5.4291,0.39739,-0.01944,-0.0066286,-0.011063,-0.0068328,-0.00255,-0.010396,-0.0082231,-0.010902,-0.013658
-3.1455,-14.429,0.39739,0.028275,0.009464,0.019621,0.0090433,0.0042277,0.0099074,0.013171,0.010639,0.027677
2.8545,-0.4291,0.39739,0.017147,0.0028916,-0.0028808,-0.002632,0.022786,0.0051767,-0.0037617,0.0023873,0.012969
3.8545,5.5709,-0.60261,-0.0045717,-0.0095365,0.0030095,0.0022513,-0.00064153,0.0018631,0.0011419,-0.0034331,0.0031455
-2.1455,4.5709,0.39739,0.015156,0.0073827,0.015662,0.0091844,-0.0010496,0.0022435,0.011594,0.0080071,0.010898
-2.1455,12.571,-0.60261,-0.022797,-0.0033876,-0.019353,-0.017598,-0.027321,-0.00091353,-0.016663,-0.01416,-0.013997
-3.1455,3.5709,-0.60261,0.029336,-0.013707,0.011006,0.0026123,-0.0036008,0.0067823,0.0065578,0.0089113,0.018245
2.8545,-11.429,-0.60261,-0.019536,0.012389,0.014816,0.01087,-0.0030065,0.015886,0.012302,0.0087661,-0.023217
-5.1455,-5.4291,1.3974,-0.027877,-0.0020206,-0.013873,-0.0052002,-0.003192,6.3355e-05,-0.010316,-0.0076446,-0.014738
0.85448,7.5709,-0.60261,0.026156,0.022379,0.02353,0.014092,0.0068433,0.020981,0.017661,0.015463,0.016866
-3.1455,-11.429,-0.60261,0.0011705,0.022832,0.052108,0.036879,0.0081272,0.050739,0.036078,0.029376,0.0062843
5.8545,-7.4291,0.39739,-0.014015,0.0030516,-0.0044467,-0.0029234,0.0086481,-0.017851,0.0010988,-0.0085855,-0.0041198
4.8545,-10.429,-0.60261,0.0029694,0.01841,0.0059958,0.002949,-0.013279,0.013094,0.0059795,0.0014276,-0.0012778
-1.1455,10.571,0.39739,0.04223,-0.0063203,0.014677,0.019012,0.0063058,0.01592,0.018875,0.020626,0.033095
-1.1455,-1.4291,-0.60261,-0.0099167,0.0096551,0.0015737,0.0066671,-0.027081,0.014698,0.003923,-0.012241,0.0064417
0.85448,13.571,-0.60261,-0.0020053,-0.0052167,0.017581,0.0036104,0.0022645,-0.014558,0.00632,-0.014038,0.0077018
1.8545,4.5709,0.39739,-0.011513,-0.004313,-0.012305,-0.0035853,-0.02008,-0.0040799,-0.010347,-0.0034322,-0.0033204
1.8545,-2.4291,-0.60261,0.031784,0.0062132,0.0087703,0.007661,0.0075378,0.0071607,0.0074015,0.01234,0.011825
-3.1455,0.5709,0.39739,0.023226,0.0071058,0.010636,0.0042158,-0.003127,0.012277,0.0079519,0.005743,0.022362
-2.1455,-0.4291,-0.60261,-0.0088241,0.011828,-0.0023064,-0.0056879,-0.011649,-0.004133,-0.0061626,0.0017753,0.0041599
-3.1455,-3.4291,0.39739,0.0020048,-0.00086067,0.0020551,0.00096621,0.0077526,-0.00875,0.0011314,-0.00090774,-0.0043736
3.8545,5.5709,0.39739,0.020544,0.0011291,0.012444,0.004539,-0.00085361,-0.011688,0.0080342,0.0040489,0.013903
-4.1455,-13.429,0.39739,-0.0047363,0.012246,0.0089905,0.0063079,0.015835,0.0079031,0.0087563,0.00021807,-0.0084665
5.8545,12.571,0.39739,-0.0011138,0.00012775,-0.00052428,-0.00051028,-0.0064447,0.0025687,-0.00026201,-0.0011315,-0.00034347
4.8545,-4.4291,0.39739,-0.013429,-0.0048945,-0.00018968,-0.00080257,0.0028347,-0.0071384,-0.0038896,-0.0085885,-0.0083988
-2.1455,13.571,-0.60261,0.071453,0.020737,0.020143,0.021986,0.038317,0.029288,0.020754,0.024876,0.050351
2.8545,-14.429,0.39739,0.013824,0.028434,0.025707,0.026154,0.011293,0.028231,0.028474,0.013469,0.010188
0.85448,12.571,0.39739,0.0010278,-0.0075894,-0.0053017,-0.0091202,0.026335,0.0010724,-0.0050253,-0.00016352,-0.00038001
-4.1455,3.5709,-0.60261,0.031371,-0.01274,0.0017138,0.0023806,0.0027681,0.00047518,0.0020989,0.0058286,0.023026
-3.1455,0.5709,-0.60261,0.0040573,-0.0041655,0.02202,0.028451,0.017353,-0.011448,0.026207,0.0093179,-0.0014146
1.8545,-12.429,-0.60261,0.048787,0.014582,0.016885,0.015441,-0.00072878,0.021311,0.012941,0.015223,0.043591
-3.1455,9.5709,0.39739,0.03273,-0.0023489,0.014717,0.0082049,0.00096932,-0.0077935,0.0095233,-0.00096914,0.032392
1.8545,-3.4291,0.39739,-0.0053847,-0.0060366,-0.0037967,0.0034664,-0.008982,0.0017363,-3.8232e-05,-0.0062548,0.002302
2.8545,2.5709,-0.60261,-0.0012849,0.0019905,-0.0054974,0.0012117,-0.0073471,0.0067876,-0.00083462,-0.00052353,0.0025285
-5.1455,-8.4291,1.3974,-0.020307,-0.0024898,-0.005538,-0.0063751,0.00076296,-0.0083588,-0.005932,-0.0077556,-0.009464
0.85448,6.5709,0.39739,0.0072069,0.02162,0.024299,0.018335,-0.0065727,0.018585,0.02104,0.0052527,0.0054861
4.8545,-4.4291,-0.60261,0.016137,0.0043761,0.0090563,0.0064058,-0.00021151,0.00099334,0.0060102,0.0070426,0.013401
-4.1455,0.5709,-0.60261,-0.026181,-0.047273,-0.046335,-0.013677,-0.0040722,0.003064,-0.013192,-0.0077864,-0.013124
5.8545,-5.4291,0.39739,-0.021642,0.0053404,0.0052934,0.00035023,-0.0075212,0.0058625,0.00021082,-0.0018282,-0.019305
-4.1455,9.5709,-0.60261,0.0086456,-0.011358,-0.013519,0.0079955,0.025853,-0.00093533,-0.0014648,0.0051634,0.003347
0.85448,-8.4291,-0.60261,0.015852,-0.020523,-0.012317,-0.0023953,-0.0037306,-0.024218,-0.0055335,-0.0033246,0.010637
-4.1455,4.5709,-0.60261,-0.051328,-0.012122,-0.049468,-0.033216,-0.019177,-0.026815,-0.038395,-0.02823,-0.037469
-0.14552,9.5709,0.39739,-0.0051431,0.0022119,-0.0080866,-0.011095,-0.019719,0.012842,-0.0084241,-0.0032467,-0.0025491
-4.1455,-3.4291,0.39739,-0.010796,-0.0033917,-0.0013642,-0.0041982,-0.00030771,-0.0050874,-0.0039438,-0.0032901,-0.0078219
0.85448,-2.4291,-0.60261,0.0023894,0.023985,0.030691,0.017475,-0.026152,-0.0016263,0.019633,-0.014337,0.0044453
-5.1455,-2.4291,-0.60261,-0.0018244,0.0011133,-0.018394,-0.0066517,-0.00030771,0.0026367,-0.012691,-0.0057631,0.013816
-4.1455,7.5709,-0.60261,0.028014,-0.035959,-0.020394,-0.010433,-0.0057456,-0.01349,-0.01263,0.0087419,0.015674
1.8545,3.5709,-0.60261,0.026309,0.0061941,-0.0043,0.00032168,-0.0082105,0.0063387,-0.00051268,-0.0042859,0.029786
2.8545,1.5709,-0.60261,0.009991,-0.0037076,0.0046819,0.0072463,0.016399,-0.0038364,0.0049746,0.0048256,0.0044557
-3.1455,-5.4291,0.39739,-0.0044884,0.003871,0.007878,0.0063029,-0.00066074,0.0048402,0.0074844,0.0019162,-0.0055444
3.8545,7.5709,-0.60261,0.0093273,-0.012897,-0.0046641,0.0062266,0.0012319,-0.017339,-0.0012487,0.0029841,0.005477
-5.1455,-3.4291,0.39739,-0.0058909,-0.010069,-0.016994,-0.0076501,-0.00030771,-0.0060169,-0.010364,-0.0046651,-0.0061775
5.8545,-4.4291,-0.60261,-0.0015936,0.003033,0.007525,0.002764,0.024234,0.0068766,0.0026235,0.0045884,-0.0058333
4.8545,0.5709,-0.60261,0.0085693,0.013721,0.019815,0.015652,0.0018261,0.018784,0.013653,0.014757,0.0052298
-2.1455,5.5709,0.39739,-0.0053182,-0.0016627,-0.0061391,-0.010991,0.016915,4.5172e-05,-0.0093677,0.0015798,-0.0090475
-5.1455,2.5709,0.39739,0.011943,0.011779,0.0064995,0.0066132,-0.011941,0.0051783,0.0049325,0.00078946,0.0084154
5.8545,-9.4291,0.39739,0.0088043,-0.0019424,0.00023733,0.0038317,-0.0013979,-0.0040074,-0.00065517,0.0020153,0.011032
3.8545,3.5709,-0.60261,0.0090547,0.0087181,0.018109,0.016928,-0.002362,0.014638,0.015478,0.0098947,0.0082865
-0.14552,13.571,0.39739,-0.029995,-0.032152,-0.034614,-0.032057,-0.013105,-0.036548,-0.035374,-0.021969,-0.023445
-5.1455,-4.4291,1.3974,0.00024254,0.0030749,0.011528,0.0091303,-0.00030771,0.0032767,0.012167,0.0038367,-0.0046644
-3.1455,15.571,0.39739,-0.001543,-0.0039216,0.0010847,0.00077585,-0.00095674,0.0049365,-0.0010084,-0.0024733,-0.0054427
5.8545,7.5709,0.39739,0.010927,-0.002289,-0.0021692,0.0015933,-0.0068326,-0.00071629,0.00041742,-0.0011439,0.010201
3.8545,-6.4291,-0.60261,0.0025118,0.0049815,-0.0015363,0.00090493,0.018225,0.0039305,-0.00037898,0.0052403,0.0051174
-4.1455,2.5709,1.3974,-0.0032048,0.0012796,0.0021513,-0.0012333,0.00026057,0.0046926,0.00010099,0.0060019,-0.0014379
2.8545,-1.4291,0.39739,-0.00059611,-0.0013566,0.0014695,-0.00016895,-0.0027254,-0.0059308,1.4112e-05,-0.00077016,0.0018804
-4.1455,1.5709,0.39739,0.030954,0.0035857,0.0092824,0.005668,0.026495,-0.00093533,0.0099898,0.0093744,0.027411
-4.1455,-10.429,0.39739,-0.055379,0.0022497,-0.018756,-0.015883,-0.029594,-0.019421,-0.021476,-0.028226,-0.03993
-1.1455,-9.4291,0.39739,-0.026474,-0.033532,-0.0091798,-0.015771,-0.00030771,-0.024314,-0.018177,-0.01449,-0.013706
-4.1455,-11.429,0.39739,-0.041657,-0.032279,-0.025505,-0.022412,-0.0049656,-0.049402,-0.027989,-0.02071,-0.031204
3.8545,-11.429,0.39739,0.00669,-0.0087107,-0.013216,-0.0071298,-0.0027745,0.0012835,-0.0088898,0.0039895,0.0065406
-5.1455,-9.4291,-0.60261,0.030261,0.0071434,0.0077345,0.012355,0.0038547,0.017984,0.01087,0.0078367,0.023797
-5.1455,6.5709,-0.60261,0.0034909,-0.015922,-0.010562,-0.0024087,0.01851,-0.017917,-0.0070228,-0.0041632,-0.0054439
-2.1455,-9.4291,-0.60261,0.017061,-0.0090106,-0.008776,-0.0095342,0.01197,-0.0059942,-0.00711,0.003256,-0.00089317
-0.14552,-14.429,0.39739,-0.0086856,-0.0006433,0.0021154,-0.00051028,-0.0061464,-0.020249,-0.0029057,-0.016818,-0.00024306
2.8545,-12.429,-0.60261,0.010955,0.0078553,-0.0041893,-0.0048164,-0.0067307,0.0048436,-0.0019365,0.0071812,0.0067492
-3.1455,-4.4291,0.39739,-0.0071397,0.0033901,-0.0020844,-0.0046496,0.0092105,-0.0022795,-0.0043273,-0.0032211,-0.0087905
1.8545,5.5709,-0.60261,0.013108,0.017808,0.027438,0.019121,-0.014391,0.014742,0.022878,0.0058769,0.011479
-5.1455,5.5709,1.3974,-0.0020631,0.0017674,0.0046957,0.0043179,-0.016028,-0.0071216,0.0079255,-0.0077895,0.0081152
-1.1455,-3.4291,-0.60261,0.018916,-0.0016226,-0.0033543,-0.0027674,-0.016667,-0.013768,-0.0045888,-0.003181,0.024128
4.8545,-14.429,0.39739,0.01288,0.00098757,0.0048756,0.0080608,-0.025367,0.013024,0.0037692,0.013318,0.0054293
4.8545,-13.429,-0.60261,-0.0028805,0.0057923,0.0022038,0.011314,-0.023677,0.016732,0.0059455,-0.0024717,0.0041065
-0.14552,-5.4291,-0.60261,0.025161,-0.0041297,0.0098913,0.0067283,0.020389,0.0038316,0.009093,0.018687,0.01546
-0.14552,-0.4291,-0.60261,-0.012488,-0.024699,-0.036732,-0.026972,-0.0098392,-0.029803,-0.027078,-0.022045,-0.0052527
4.8545,-5.4291,0.39739,-0.018155,0.0037233,-0.010785,-0.010483,0.013626,-0.0015075,-0.011042,-0.0031571,-0.015453
5.8545,-12.429,-0.60261,0.041385,-0.0090809,-0.0026824,-0.0032169,0.037348,-0.0053171,-0.00054318,0.0020877,0.034839
4.8545,-11.429,-0.60261,0.026489,0.00039881,0.016113,0.013428,-0.00030771,0.019136,0.016085,0.017622,0.01859
5.8545,13.571,-0.60261,0.0042644,-0.0020453,0.0007158,-0.00051028,5.2379e-05,0.0048504,0.0037155,-0.0011265,0.001594
-5.1455,11.571,-0.60261,0.0093964,0.010223,-0.0015185,-0.0039851,0.04784,0.0039864,-0.0031124,0.0054086,-0.0082639
-0.14552,8.5709,0.39739,-0.0095764,-0.017589,-0.015176,-0.015746,0.00015974,-0.019883,-0.018271,-0.0076526,-0.0014627
-5.1455,10.571,0.39739,-0.010042,-0.0048554,0.0059268,0.0026405,-0.018296,-0.00093533,0.0034111,-0.018374,-0.00095704
2.8545,-14.429,-0.60261,0.0056003,-0.023016,-0.024968,-0.00051028,0.0032627,-0.012939,-0.018438,0.0026608,0.0065954
1.8545,-3.4291,-0.60261,-0.00592,0.010816,0.011367,0.0091829,-0.014624,0.013787,0.010042,-0.0073337,0.003185
5.8545,-13.429,0.39739,0.015401,0.012094,0.012442,0.021419,0.0176,0.0016714,0.01853,0.010712,0.010136
4.8545,7.5709,0.39739,-0.039093,-0.01503,-0.018027,-0.018181,-0.0087544,-0.025358,-0.020477,-0.016236,-0.025331
-3.1455,6.5709,0.39739,-0.0018854,0.004439,0.00012633,-0.0015019,-0.0049904,0.0021545,-0.0020571,-0.0068945,0.0068578
0.85448,5.5709,-0.60261,-0.0069725,0.0029774,0.011887,0.0079157,-0.00030771,0.00054978,0.0074382,0.0005902,-0.007986
3.8545,-2.4291,-0.60261,-0.015644,-0.0034348,-0.01271,-0.011336,-0.00030771,-0.00093533,-0.010786,-0.00089114,-0.02006
5.8545,-11.429,-0.60261,0.010004,0.0048511,0.0074429,0.0012574,0.0041842,-0.011398,0.0072941,-0.0010105,0.0068856
0.85448,3.5709,0.39739,5.7296e-05,0.0053208,-0.0058929,-0.0025671,-0.011843,0.014315,-0.0038702,-0.00083088,0.0050192
-5.1455,-2.4291,0.39739,0.01981,0.0076481,0.0026623,-0.0051037,-0.013643,0.0034645,-0.00054528,-0.0081994,0.01593
-4.1455,-5.4291,-0.60261,-0.045459,-0.051012,-0.035891,-0.022692,-0.0032094,-0.022375,-0.024858,-0.003075,-0.042171
-5.1455,12.571,-0.60261,0.034319,0.032364,0.043461,0.023238,0.0052863,0.037789,0.029504,0.021168,0.032938
-0.14552,10.571,-0.60261,0.019393,-0.0021222,-0.0057516,-0.0032417,0.0079583,-0.0014984,-0.0029051,0.0089601,0.010091
2.8545,-8.4291,-0.60261,0.0092253,0.0081628,0.013859,0.016148,0.012744,-0.00093533,0.015113,0.0090899,0.00088056
-0.14552,5.5709,0.39739,0.0066414,-0.0045075,0.011428,0.0086463,0.023713,0.0051142,0.0094855,0.016391,0.0026176
3.8545,-3.4291,-0.60261,0.01383,0.0037335,0.011693,0.0088032,0.0056815,0.0079991,0.010104,0.0034077,0.013892
-5.1455,12.571,0.39739,0.011368,-0.012531,-0.019118,-0.014367,0.015391,0.0069938,-0.012745,0.0096414,0.011224
5.8545,11.571,0.39739,-0.00091823,-0.0006433,-0.0007208,-0.0025927,0.0071359,-0.00093533,-0.0063312,-0.0033526,-0.00028312
-5.1455,15.571,1.3974,-0.010435,0.00699,-0.004292,-0.0036607,-0.012194,-0.0027812,-0.0031201,-0.0067247,-0.00057266
0.85448,-12.429,-0.60261,-0.013061,0.0019192,-0.0029018,-3.8055e-05,-0.0064096,-0.0027007,-0.00060039,-7.1862e-05,-0.0081477
-4.1455,2.5709,0.39739,-0.026036,0.0059199,0.0049409,0.0086393,0.0024885,0.0072204,0.0065878,-0.0032621,-0.017208
3.8545,-1.4291,-0.60261,0.025226,0.01675,0.023455,0.019087,-0.0019316,0.022834,0.019399,0.015491,0.017255
0.85448,5.5709,0.39739,0.025488,-0.013546,0.0031076,0.013996,-0.0026361,-0.00071818,0.0089748,0.0079442,0.019895
-3.1455,-13.429,0.39739,0.006625,0.0016843,0.010254,0.013852,0.0045741,0.0072273,0.0097917,0.0073478,0.0040672
-3.1455,7.5709,-0.60261,0.049778,0.067723,0.025388,0.027687,-0.00030771,0.056355,0.027909,0.043186,0.034339
3.8545,6.5709,0.39739,0.00024406,0.0017432,-0.0015031,-0.00338,0.005035,-0.0026884,-0.0029815,-0.00084674,0.0062394
2.8545,4.5709,0.39739,0.0050514,0.014452,0.012846,0.01641,-0.002802,0.015342,0.01404,0.0058352,0.0050436
4.8545,-10.429,0.39739,-0.0059263,0.0032718,0.002172,0.0016366,0.027844,-0.0062786,-0.001599,0.0032296,-0.0034109
-4.1455,-4.4291,1.3974,0.004866,0.0048489,0.0034827,0.0065907,0.010933,0.017142,0.0042566,0.0029949,0.0031534
-2.1455,4.5709,-0.60261,-0.045114,-0.044376,-0.042315,-0.025723,0.001618,-0.030757,-0.033616,-0.0092938,-0.032584
-2.1455,8.5709,-0.60261,0.039911,0.025888,0.01652,0.030103,-0.0025228,0.040179,0.019262,0.021979,0.022888
-5.1455,-1.4291,0.39739,-0.003628,0.0017803,0.0035864,0.0039922,0.015647,-0.0092672,0.0050291,0.0013767,0.00044504
-2.1455,13.571,0.39739,0.023741,0.012217,0.009185,0.005059,0.011758,0.018704,0.01189,0.0020351,0.01157
1.8545,15.571,0.39739,0.0052602,-0.015081,-0.0050908,0.0040165,-0.019056,-0.0076668,-9.4746e-05,0.0010695,0.0088752
1.8545,10.571,-0.60261,-0.028417,-0.00052657,-0.0070607,-0.0058532,0.013162,0.0050549,-0.0045771,-0.0029351,-0.025065
5.8545,15.571,0.39739,-0.0084133,-0.00083411,-0.0007208,-0.012489,0.016096,0.0084999,-0.0066284,0.0018535,-0.013941
-1.1455,11.571,-0.60261,0.0045371,-0.019797,0.0023173,0.00050922,0.013342,-0.001881,0.0031255,0.015425,0.0071724
4.8545,-3.4291,-0.60261,-0.0084702,-0.010956,-0.0014956,0.0013298,-0.0071373,-0.03124,-0.0005761,-0.011618,-0.004046
-5.1455,10.571,1.3974,0.0038522,0.0035688,0.0089139,0.0081548,-0.0063002,-0.00093533,0.0066263,0.0040826,0.010697
-2.1455,-14.429,0.39739,0.021704,0.0067432,0.012518,0.010921,0.013524,0.0098627,0.011446,0.012516,0.018851
3.8545,10.571,-0.60261,-0.011674,-0.01243,-0.017957,-0.010267,0.0074063,-0.00052041,-0.014457,-0.00068025,-0.0045635
3.8545,3.5709,0.39739,-0.0092481,-0.016648,-0.0047093,-0.0072548,0.0039953,-0.027378,-0.0052235,-0.0069697,-0.010457
-3.1455,11.571,-0.60261,0.0048558,-0.021168,-0.013913,-0.0072331,-0.0013921,-0.017078,-0.013663,-0.0076668,0.009619
4.8545,9.5709,0.39739,0.0019825,-0.0081399,0.0074319,0.0068515,0.0046302,-0.0047773,0.0051862,-0.00056904,-0.0028471
-5.1455,9.5709,1.3974,0.0030864,-0.00037994,-0.001961,-0.0049279,0.011159,-0.011331,-0.0045147,-0.0018214,-0.0023778
-0.14552,0.5709,0.39739,0.0043261,-0.0011994,0.0018443,0.0033345,0.017659,0.0038482,0.00051845,0.0023967,-0.0019552
5.8545,-7.4291,-0.60261,-0.010222,-0.010948,-0.017485,-0.017143,-0.0029796,-0.01243,-0.015685,-0.0069429,-0.0081488
-4.1455,0.5709,1.3974,0.011848,0.0055947,0.0012044,0.007442,0.0054098,0.017435,0.006504,0.0021031,0.0069702
-3.1455,2.5709,-0.60261,-0.0024336,0.02,0.001421,-0.01411,0.0025865,0.014909,-0.0046754,0.0050766,0.00026293
-3.1455,-0.4291,0.39739,-0.0078896,-0.00019122,-0.0077343,-0.0061612,-0.00024071,-0.0055174,-0.0071734,-0.008476,-0.0066502
-4.1455,-0.4291,1.3974,-0.0006595,-0.0038835,-0.00025988,-0.0043128,0.0016604,-0.004201,-0.0010205,-0.0023664,0.0019775
5.8545,14.571,-0.60261,-0.0058865,-0.00044797,-0.0097642,-0.0078381,-0.0089575,0.0033311,-0.007939,-0.00059509,-0.0039029
-5.1455,-2.4291,1.3974,0.014745,-0.0023555,0.00017429,-0.0049494,0.0069862,-0.013749,-0.00083807,-0.0030453,0.0079179
1.8545,2.5709,-0.60261,0.0047765,0.0094512,0.00868,0.008235,0.0012833,0.0086352,0.0091713,0.0019171,-0.0029289
-5.1455,2.5709,1.3974,0.0030273,-0.0006433,0.0084752,0.011232,0.0012259,0.0034595,0.010524,0.0014699,-0.0076783
1.8545,8.5709,0.39739,-0.015528,-0.015262,-0.013356,-0.015678,-0.01373,-0.013533,-0.015841,-0.010667,-0.0061775
0.85448,-0.4291,0.39739,-0.0093542,0.00055215,-0.010495,-0.0085755,-0.011571,-0.00077781,-0.0096877,-0.0058061,-0.012171
5.8545,4.5709,0.39739,-0.018944,0.0019019,0.0044431,0.0028561,-0.0088281,-0.011538,0.003267,-0.0045009,-0.0019847
5.8545,15.571,-0.60261,0.03282,-0.010744,0.014417,0.0022647,0.0099135,0.020085,0.00031301,0.0059186,0.020509
-5.1455,3.5709,0.39739,0.0062313,-0.0006433,0.0090195,0.0028874,-0.00865,0.0063578,0.0048257,0.0011827,0.009469
-3.1455,-11.429,0.39739,-0.010278,0.0030859,-0.004606,-0.0015952,-0.01084,0.0016338,-0.0010876,-0.0050034,-0.0066384
-3.1455,1.5709,-0.60261,-0.015182,0.030991,-0.014856,-0.0022976,0.030996,0.02221,-0.0061543,0.0017528,-0.0087476
-1.1455,5.5709,0.39739,-0.009625,0.014269,-0.0073259,-0.0025229,-0.025116,0.033969,-0.0013041,0.00018845,-0.0078609
5.8545,8.5709,0.39739,0.0026807,-3.0805e-05,-0.013119,0.0016222,-0.00030771,-0.010958,-0.00028753,-0.0034108,-0.00089884
0.85448,-1.4291,-0.60261,0.00040917,0.0046586,0.011769,0.007926,0.022791,-0.0073396,0.00934,0.015896,-0.0098611
-3.1455,8.5709,0.39739,0.014091,-0.0061517,0.002884,0.00024733,0.0034794,-0.00779,-0.00065518,-0.001216,0.012709
-5.1455,4.5709,0.39739,0.00074174,-0.011298,-0.021849,-0.017394,-0.0028544,-0.025685,-0.018064,-0.0099867,0.0039682
2.8545,-4.4291,-0.60261,0.039209,-0.0019946,0.0044937,0.0042501,-0.0069248,-0.0038438,0.0047093,0.0026703,0.034643
2.8545,7.5709,-0.60261,0.0033067,-0.0076226,-0.0010329,-0.0070074,0.016301,-0.0043512,-0.0026714,-0.0049404,0.0065662
1.8545,3.5709,0.39739,-0.013671,-0.017724,-0.018856,-0.017935,0.012824,-0.012101,-0.01703,0.00020281,-0.011673
-4.1455,-4.4291,0.39739,0.012211,-0.0006433,-0.0065975,0.0052215,-0.00030771,-0.00093533,4.9532e-05,0.010175,0.014331
-5.1455,-9.4291,0.39739,0.0041541,-9.7923e-05,-0.00031139,0.00084688,0.0043268,0.0060024,0.00011513,0.0043937,0.0063281
-4.1455,-12.429,-0.60261,0.020851,0.015067,0.023319,0.020528,-0.0064825,0.026638,0.017392,0.011783,0.013651
1.8545,1.5709,-0.60261,-0.019448,-0.025203,-0.021177,-0.015256,-0.031818,-0.026326,-0.019724,-0.030708,-0.0019002
1.8545,2.5709,0.39739,-0.0018796,0.00083839,-0.003963,-0.0094465,0.008263,-0.00013665,-0.0049089,-0.00080536,-0.0019567
-0.14552,-5.4291,0.39739,0.011101,0.028437,0.011212,0.0086106,0.0106,0.024281,0.014703,0.0090845,0.0085741
-0.14552,-4.4291,0.39739,0.013611,0.0037268,-0.0021682,0.0055502,0.016588,0.0078445,0.0065997,0.0078379,0.0032769
-2.1455,-2.4291,0.39739,-0.017766,4.181e-05,-0.0039031,-0.0032661,-0.0083986,0.0015822,-0.003808,-0.0047353,-0.014397
4.8545,-12.429,-0.60261,-0.03167,0.0017797,-0.015088,-0.013782,0.0039025,-0.00093533,-0.014578,-0.008289,-0.025535
-4.1455,-10.429,-0.60261,-0.016124,0.01559,0.0032111,-0.00043938,-0.011477,0.023192,-0.0046097,0.0011366,-0.015762
-3.1455,-2.4291,-0.60261,0.032514,0.0070659,-0.0013833,0.010634,0.049952,-0.0044407,0.0057233,0.017753,0.0015844
-5.1455,4.5709,1.3974,-0.033204,-0.0019391,-0.0090132,-0.018882,-0.011719,-0.0080404,-0.010558,-0.011378,-0.019464
-3.1455,8.5709,-0.60261,0.010342,-0.02127,0.0019072,-0.011014,0.032355,-0.023888,-0.0043945,0.0013601,0.0016695
1.8545,15.571,-0.60261,-0.02674,-0.0087524,-0.011529,-0.018848,-0.0042656,-0.022164,-0.0066349,-0.013768,-0.023062
1.8545,-13.429,0.39739,0.020573,0.02114,0.022457,0.025601,0.0031475,0.013797,0.024724,0.014813,0.012082
-4.1455,8.5709,-0.60261,-0.0057039,0.038677,-0.011114,-0.0094577,-0.015003,-0.00093533,-0.0099176,-0.012817,9.6529e-05
3.8545,0.5709,-0.60261,-0.036296,-0.0087743,-0.01582,-0.00681,0.0015375,-0.0085048,-0.0096381,-0.0071352,-0.025976
2.8545,6.5709,0.39739,0.0088258,-0.0054805,-0.011559,-0.0048776,-0.004042,0.0079736,-0.010011,-0.00061777,0.0038828
2.8545,11.571,0.39739,0.011228,-0.0063268,-0.0038073,-0.0050037,0.013477,0.008115,-0.0051245,0.0045976,0.0043588
-4.1455,-13.429,-0.60261,-0.03716,-0.0011762,-0.016358,-0.017965,-0.015442,-0.017225,-0.02021,-0.020027,-0.027548
-4.1455,1.5709,1.3974,0.014425,0.0024276,-0.001907,-0.00016524,0.0023118,0.00075036,-0.0010511,0.00010265,0.0076814
5.8545,8.5709,-0.60261,0.011935,0.0045991,0.0068844,0.0050583,-0.00030771,0.0036849,0.0013541,0.0038447,0.0041878
-3.1455,13.571,0.39739,0.0014348,0.0050238,0.0052742,0.00083898,-0.0012084,0.017186,0.0011692,0.0057211,-0.00061298
-2.1455,5.5709,-0.60261,-0.015529,0.020386,0.0026904,-0.0013626,-0.024512,0.0092527,-0.00036347,-0.0082125,0.0029193
3.8545,-8.4291,-0.60261,-0.01124,0.0020647,-0.0037106,-0.0061901,0.010754,-0.001462,-0.0045138,0.00336,-0.010359
-0.14552,7.5709,-0.60261,-0.026314,0.0016608,0.0022046,-0.0014555,-0.028867,0.0054891,-0.00086767,-0.015613,-0.015798
0.85448,4.5709,-0.60261,0.023215,0.010723,0.0096205,0.011899,0.026648,0.019649,0.010386,0.022156,0.012152
5.8545,5.5709,-0.60261,0.017802,0.0098056,0.016168,0.018021,0.003768,-0.014031,0.014546,-0.0047069,0.020901
2.8545,-0.4291,-0.60261,-0.0056885,0.0024871,0.00083309,0.0041016,0.0012163,0.0057691,0.0038264,0.0073872,-0.014166
-4.1455,3.5709,0.39739,0.011315,0.0015409,0.0065829,0.0056863,-0.021043,-0.0044648,0.0062726,-0.0091712,0.014807
-0.14552,1.5709,-0.60261,-0.0039499,-0.0020259,-0.019449,-0.012152,0.0086717,-0.0040649,-0.017508,-0.014212,5.9188e-05
-0.14552,-3.4291,-0.60261,0.0071302,0.00075271,-0.0081929,-0.0049802,0.015052,-0.00093533,-0.0038307,-0.0031162,0.0010421
5.8545,-0.4291,0.39739,-0.028255,-0.0057789,-0.0022916,-0.0020391,-0.00098548,-0.013716,-0.0035371,-0.0063696,-0.016939
4.8545,8.5709,0.39739,-0.0020009,0.014169,0.016842,0.012979,-0.00030771,0.02343,0.0097484,0.0046543,0.011777
-2.1455,-8.4291,0.39739,0.0097496,-0.0065374,-0.0054985,-0.0036812,0.0006234,-0.0052063,-0.0044237,0.0021888,0.0024591
-1.1455,15.571,0.39739,-0.026731,-0.017958,0.0023269,-0.0053597,0.000278,0.016666,-0.00078757,0.010389,-0.017115
-2.1455,-0.4291,0.39739,-0.0048428,0.00019887,0.0013556,0.0044289,0.0058217,-0.008155,0.0031239,-0.00093086,-0.006279
3.8545,-9.4291,-0.60261,0.043022,0.012969,0.02593,0.021867,0.0014799,0.0038951,0.023053,0.01214,0.029532
5.8545,-2.4291,0.39739,0.020636,-0.0005949,0.0025879,0.007679,0.0076842,0.010471,0.0052167,0.0042142,0.023101
-0.14552,-13.429,-0.60261,-0.011976,0.001338,-0.00042916,-0.0070113,0.002433,-0.0098951,-1.9655e-05,-0.0075665,-0.0094213
1.8545,-12.429,0.39739,-0.0079677,-0.0054512,0.001784,-0.00062145,0.012535,-0.0085536,3.0463e-05,-0.0034342,-0.011809
5.8545,-0.4291,-0.60261,-0.0016341,-0.0062058,0.00084289,-0.0060758,-0.0025069,-0.0014834,-0.0018978,-0.0041629,0.0033614
-4.1455,-12.429,1.3974,-0.029402,0.0017082,0.00067167,-0.0033142,-0.0027971,0.00021863,-0.003354,-0.00045988,-0.026107
0.85448,-6.4291,-0.60261,-0.0027823,0.0028977,0.011758,0.0039482,-0.01417,-6.134e-05,0.005243,0.0026101,-0.0061679
-5.1455,-8.4291,0.39739,0.0059462,0.00335,-0.0032047,-0.0011072,-0.0049581,-0.0048736,-0.00083017,-0.0073106,0.0061429
0.85448,0.5709,-0.60261,0.0085533,0.0079613,0.0050957,0.0030036,0.0077414,0.011098,0.0041513,0.0050863,0.0047416
-1.1455,-1.4291,0.39739,-0.047992,-0.019622,-0.032451,-0.032448,-0.0153,-0.022403,-0.035929,-0.011985,-0.040019
-1.1455,12.571,-0.60261,-0.011022,0.014658,-0.01439,-0.0070303,0.0010284,0.022894,-0.0097907,0.007647,-0.005838
4.8545,-0.4291,0.39739,0.0048266,-0.0018615,0.0074953,0.0035354,0.010198,-0.011421,0.0065015,-0.002375,0.0047486
3.8545,11.571,0.39739,-0.044288,-0.0033375,-0.0076698,-0.011309,0.00072083,-0.0033556,-0.0082286,-0.011088,-0.03261
-2.1455,-2.4291,-0.60261,-0.02001,-0.0006433,-0.0007208,-0.00051028,-0.0047441,-0.00093533,-0.00047058,0.0049437,-0.01529
-0.14552,-12.429,-0.60261,-0.021945,-0.014478,-0.018279,-0.021639,0.0035347,-0.037004,-0.019671,-0.013963,-0.023991
4.8545,-11.429,0.39739,0.041118,0.018456,0.016788,0.019091,-0.00030771,0.014124,0.015948,0.0098008,0.031358
1.8545,-11.429,0.39739,-0.0096181,0.0053896,0.0029851,-0.0024207,-0.021647,0.0031008,0.00029887,0.00063805,-0.004927
5.8545,-12.429,0.39739,0.0025507,0.0019566,-0.0021433,-0.0043842,0.00065558,0.0024963,-0.0018292,0.0011978,-0.0028081
-3.1455,-10.429,0.39739,0.021023,0.013267,0.013336,0.012539,0.021457,0.014168,0.014284,0.0097093,0.021145
-0.14552,1.5709,0.39739,0.0092469,0.00063884,0.004536,0.0025397,-0.0070603,-0.0041838,0.0019945,0.0016704,0.0069877
2.8545,-2.4291,0.39739,0.03524,0.020098,0.01493,0.024193,0.032096,0.023226,0.019925,0.021483,0.025264
4.8545,7.5709,-0.60261,0.012392,0.012881,0.023412,0.019119,-0.010478,-0.00093533,0.019978,0.007049,0.010905
-3.1455,-10.429,-0.60261,-0.044934,-0.044107,-0.052258,-0.032844,0.019053,-0.028203,-0.037936,-0.0096078,-0.040151
-5.1455,5.5709,0.39739,-0.014564,-0.01977,-0.018751,-0.016446,0.011809,-0.029643,-0.014247,-0.015791,-0.0046625
-4.1455,-14.429,0.39739,0.01427,0.013522,0.0073923,0.010778,0.0003765,0.016796,0.0080495,0.00088098,0.014263
-4.1455,9.5709,0.39739,-0.021818,-0.0027265,-0.015644,-0.012694,-0.0098513,0.0040072,-0.014521,-0.0078636,-0.020331
-5.1455,-10.429,1.3974,0.010228,0.0043513,-0.0058275,0.0044658,-0.0019758,0.0099976,-0.0010189,-0.0021161,0.0072307
4.8545,1.5709,-0.60261,-0.036459,0.00027578,-0.0052774,-0.0073705,-0.006583,0.010689,-0.0070395,-1.8499e-05,-0.033543
-4.1455,-0.4291,0.39739,0.0046587,0.017197,0.0012244,0.0043394,-0.0081554,0.020547,0.0024617,0.0013604,0.0036564
4.8545,6.5709,0.39739,-0.037185,-0.0005682,0.0039632,-0.024787,0.028545,-0.00093533,-0.014233,-0.0027634,-0.031671
-0.14552,-14.429,-0.60261,0.035224,0.024847,0.039299,0.019279,0.015864,0.022988,0.022518,0.029042,0.026502
3.8545,-13.429,-0.60261,-0.028358,-0.005159,-0.016444,-0.012287,-0.025348,0.010789,-0.016683,-0.0096772,-0.021647
1.8545,1.5709,0.39739,0.018686,0.011475,0.01484,0.013493,-0.0041196,0.012201,0.013761,0.0038699,0.0091942
-4.1455,-4.4291,-0.60261,-0.035446,0.0072802,0.0047133,0.004509,-0.031053,-0.0097346,0.00062684,-0.0088619,-0.023735
4.8545,-12.429,0.39739,0.0054872,0.003028,-0.0062226,-0.0019703,0.021163,-0.00093533,-0.0058969,0.0050562,-0.00042678
2.8545,0.5709,0.39739,0.00466,-0.0010078,-0.0026742,-0.0033042,-0.0010499,-0.0074758,-0.0038564,-0.0058185,0.0036429
-2.1455,-13.429,-0.60261,0.05097,0.027679,0.05823,0.041423,0.042796,0.040138,0.045829,0.03757,0.029773
-2.1455,-12.429,-0.60261,0.0093437,0.0090414,-2.0437e-05,-0.023884,0.0031337,0.01393,-0.014037,0.0033756,-0.0068762
-1.1455,1.5709,0.39739,-0.004992,0.00046555,0.00096352,-0.00058628,-0.022219,-0.009583,-0.001023,-0.014689,0.0041521
-1.1455,9.5709,0.39739,-0.058871,-0.00028943,-0.024361,-0.026265,-0.031375,-0.013211,-0.026919,-0.028526,-0.044721
-0.14552,-11.429,0.39739,-0.023188,-0.035661,-0.020024,-0.016995,-0.0016198,-0.00093533,-0.022162,-0.0071694,-0.016068
-1.1455,9.5709,-0.60261,0.0012599,0.025319,-0.0007818,0.010063,0.012743,0.003957,0.00116,-9.4453e-05,0.0095376
3.8545,-7.4291,0.39739,-0.0013562,0.0054603,0.0017331,-0.0013054,-0.010262,0.011728,-0.0011861,4.1561e-05,0.0052122
3.8545,-9.4291,0.39739,0.026042,-0.0013155,0.0080727,0.0075483,0.01767,-0.011399,0.0068944,0.0040183,0.0073303
3.8545,-3.4291,0.39739,-0.0011784,0.0031681,-0.001504,-0.002416,-0.00030771,0.0092877,-0.0032825,-0.0050211,0.0081079
-2.1455,-1.4291,0.39739,0.026594,0.010445,0.0068848,0.0054769,0.0035973,0.0024914,0.0057162,0.0065714,0.01975
0.85448,11.571,-0.60261,0.013823,0.0023341,0.0035136,0.0015633,0.01408,0.00075265,0.0031193,0.0083435,0.0096071
-4.1455,-1.4291,1.3974,-0.0011477,0.0017388,0.0027232,-0.00097221,-0.00030771,0.011187,-0.00030205,0.012512,-0.0041268
-1.1455,-12.429,0.39739,-0.019394,0.012392,0.0043546,-0.02645,-0.033567,-0.0070401,0.00039284,-0.0085228,-0.011153
-1.1455,-5.4291,0.39739,0.099068,0.042391,0.050909,0.049812,0.015592,0.039312,0.066572,0.024382,0.067323
-1.1455,-10.429,-0.60261,0.04094,-0.0044422,-0.010853,-0.00051028,-0.00030771,0.0043083,0.0042518,0.0030999,0.024253
2.8545,9.5709,-0.60261,-0.013659,-0.0067526,-0.0049759,6.0505e-05,-0.02705,0.0042141,-0.0025046,-0.0015283,-0.0090624
-1.1455,8.5709,0.39739,0.013613,-0.013635,-0.0047724,0.0008122,-0.0029829,-0.0066604,-0.0024095,0.0041742,0.0065898
-4.1455,-8.4291,1.3974,0.0070007,0.0055774,0.0085773,0.0083872,0.0042836,0.00048853,0.0077461,-0.0042817,-0.007825
5.8545,-14.429,0.39739,0.017594,0.020743,0.025565,0.019937,0.0048125,0.023013,0.021946,0.014528,0.010619
2.8545,1.5709,0.39739,-0.0022165,0.00018328,-0.007124,-0.0062305,0.011878,-0.0094547,-0.0055902,0.0021708,0.0003966
5.8545,2.5709,-0.60261,0.001153,0.0051696,-0.0029871,-0.0045048,-0.00245,-0.0050291,-0.0060289,-0.0046152,0.0018724
0.85448,-13.429,0.39739,0.024504,-0.0053166,-0.0047032,0.0061883,0.0010089,0.0022277,0.00309,-0.00042202,0.01838
5.8545,0.5709,0.39739,-0.021193,0.0055227,0.00042301,-0.0006973,-0.00016126,-0.0092801,0.00010027,-0.0062167,-0.018096
0.85448,-6.4291,0.39739,-0.0039188,0.0065348,0.0041681,0.0048421,0.0048782,-0.0090976,0.0054357,0.00767,-0.0050297
2.8545,13.571,-0.60261,0.012496,-0.0028754,-0.0047016,-0.0016725,0.0087109,-0.0022735,-0.0017156,0.008026,0.0097852
1.8545,-2.4291,0.39739,0.005395,-0.004675,-0.0047647,0.0012542,0.0041188,0.003572,-0.00067934,0.0037893,1.6632e-05
0.85448,-10.429,0.39739,0.005823,0.0047014,-0.0038023,-0.0035326,0.0065216,-0.010175,-0.0042092,-0.0018629,-0.00020905
5.8545,1.5709,0.39739,-0.018538,0.00019312,-0.0067107,-0.0020929,-0.0010315,0.0090435,-0.0040431,0.0026905,-0.01578
-0.14552,9.5709,-0.60261,0.018489,0.020574,-0.0080782,-0.0069327,0.02092,0.035496,-0.0069625,0.012423,0.014158
3.8545,6.5709,-0.60261,-0.010833,0.0099441,-0.01289,-0.010161,-0.0067367,0.0089264,-0.010998,-0.0059476,-0.0070701
-1.1455,-11.429,0.39739,-0.023146,-0.02477,-0.027018,-0.00051028,-0.00030771,-0.035033,-0.031193,-0.013442,-0.019932
0.85448,-2.4291,0.39739,0.011005,0.014619,0.017854,0.019418,-0.0014479,0.01053,0.018338,0.0029746,0.010608
4.8545,-3.4291,0.39739,-0.018889,-0.012522,0.00094364,-0.0036622,-0.014262,-0.012634,-0.0030875,-0.012313,-0.0092468
0.85448,10.571,0.39739,0.0014247,0.010495,0.0037887,0.0067105,0.0073714,0.00087236,0.0060318,0.0013685,0.0018751
-0.14552,6.5709,-0.60261,-0.015793,-0.031722,-0.031367,-0.026596,0.0037723,-0.038196,-0.028921,-0.012831,-0.013218
-3.1455,-5.4291,-0.60261,0.02033,0.061075,0.050735,0.047118,-0.0046992,0.053463,0.049989,0.023974,0.0096051
-5.1455,5.5709,-0.60261,-2.2795e-05,0.041929,0.0042904,-0.0082391,-0.020869,0.032597,-0.0038091,-0.0060282,-0.00076418
-4.1455,-3.4291,-0.60261,-0.022377,0.0010943,-0.028141,-0.0081201,-0.00030771,-0.0094176,-0.014563,-0.015709,-0.016517
-0.14552,-7.4291,0.39739,-0.016085,0.010273,-0.0069042,-0.0086314,0.0014909,0.010004,-0.0085955,-0.00021231,-0.013526
-2.1455,-13.429,0.39739,0.0051182,0.0072535,-0.0007208,0.0056501,0.0033931,0.0012272,-0.00047058,0.00029326,0.0044462
5.8545,6.5709,-0.60261,0.0018937,0.0029139,0.0018322,0.0060229,0.018618,0.021459,0.0070174,0.0083011,0.0032658
-5.1455,-8.4291,-0.60261,-0.027905,-0.031112,-0.018554,-0.029245,0.016985,-0.036834,-0.017543,-0.020951,-0.030491
5.8545,9.5709,-0.60261,0.003539,0.00051007,-0.0007208,0.0059842,-0.0043217,-0.00093533,-0.00047058,-0.00059557,0.0022622
-5.1455,-7.4291,-0.60261,-0.086268,0.0027481,-0.012447,-0.00097628,-0.040369,0.027348,-0.0060315,-0.02036,-0.063837
3.8545,-2.4291,0.39739,0.014132,0.0064525,0.019682,0.014531,0.0012749,-0.00093533,0.016453,0.010866,0.0054049
-5.1455,-0.4291,0.39739,-0.017068,-0.011525,-0.019754,-0.0083251,0.0064918,-0.012796,-0.011585,-0.0029924,-0.015146
-3.1455,-12.429,0.39739,0.0022468,-0.00021417,0.0064068,0.008403,0.0027497,-0.0029734,0.0075361,0.0027761,0.0026927
-0.14552,-6.4291,-0.60261,0.0051185,0.0028538,-0.0020924,-0.00060108,-0.0083281,-0.0097941,0.0017769,-0.0060848,0.0028495
-2.1455,6.5709,0.39739,-0.0027325,0.0016179,-0.010667,-0.010713,-0.0131,-0.00093533,-0.013371,-0.0041156,-0.0035553
-2.1455,6.5709,-0.60261,0.016434,-0.0083546,0.019682,0.010265,0.0015239,-0.00093533,0.013776,-0.0019026,0.0080271
0.85448,-5.4291,-0.60261,-0.01048,-0.0046733,-0.0124,-0.0081136,-0.00071464,-0.00093533,-0.011422,-0.0043928,-0.0072462
-5.1455,-11.429,1.3974,0.0094954,-0.0019572,-0.0027817,-0.00051028,-0.00030771,0.0041402,0.006106,0.0033028,0.0074113
-2.1455,0.5709,0.39739,-0.01335,-0.016901,-0.018448,-0.014513,-0.015647,-0.016699,-0.015583,-0.013527,-0.01581
-4.1455,6.5709,1.3974,-0.020994,-0.0006433,-0.0011935,-0.0035074,-0.018227,-0.013187,-0.0059355,-0.015233,-0.0088752
3.8545,-7.4291,-0.60261,0.021208,0.0067988,0.012626,0.0083951,0.0030409,0.016819,0.010422,0.00676,0.015432
3.8545,11.571,-0.60261,-0.02792,-0.0039667,-0.0019871,0.0012794,-0.014904,-0.030958,7.9778e-05,-0.015796,-0.017953
-5.1455,9.5709,0.39739,0.0023993,0.0039442,-0.012013,-0.0085949,-0.0076867,-0.011501,-0.008138,-0.0050796,0.0036078
-5.1455,1.5709,1.3974,-0.01692,0.00073214,-0.00038732,-0.0032464,5.6063e-05,-0.0056122,-0.0026173,-0.0054726,-0.017192
-0.14552,3.5709,-0.60261,0.0078191,0.0024661,-0.00031158,0.014559,0.0081623,0.008275,0.01006,0.006569,0.0012891
-0.14552,14.571,0.39739,-0.0077472,-0.010808,0.0015431,3.9e-05,-0.02015,-0.017891,0.0017314,-0.0078981,-0.0084593
3.8545,4.5709,-0.60261,0.016911,-0.006902,-0.0077148,-0.0077503,0.0094458,-0.030151,-0.0063295,-0.0041841,0.013449
-0.14552,-7.4291,-0.60261,-0.044849,-0.0016544,-0.015066,-0.0080636,0.0096365,0.004468,-0.010559,-0.011473,-0.033635
-2.1455,-7.4291,0.39739,-0.0083532,0.0027254,-0.0088827,-0.0091205,-0.011405,0.01298,-0.0098278,-0.0045634,-0.0056194
1.8545,12.571,-0.60261,0.0058406,-0.0026337,0.0078379,0.0075689,0.0054206,-0.00098733,0.008772,0.004089,0.0020769
3.8545,-10.429,-0.60261,0.030626,0.014122,0.0067405,0.0066005,-0.0062213,0.018443,0.0075623,0.001056,0.021398
3.8545,10.571,0.39739,-0.0079542,-0.0006264,-0.0045554,-0.0083118,-0.0028404,0.015599,-0.0067109,0.0018942,-0.0041292
-2.1455,-6.4291,0.39739,0.021535,0.0060183,0.011817,0.0096433,0.002923,-0.0060749,0.01302,0.0030065,0.011522
-5.1455,-7.4291,0.39739,-0.00071691,0.0022342,0.0023065,0.00084585,0.010555,-0.0036074,0.0030838,0.00029332,-0.0048181
-4.1455,0.5709,0.39739,0.009603,-0.0006433,0.013873,0.014204,0.0017823,-0.00093533,0.012148,0.0050114,0.0064051
1.8545,-8.4291,-0.60261,0.010684,0.012706,0.015713,0.0082139,0.002,0.0093248,0.01061,-0.0035574,0.019399
-2.1455,-14.429,-0.60261,0.018035,0.015778,0.010553,0.0069755,0.029143,0.024397,0.01266,0.014404,0.0052845
5.8545,1.5709,-0.60261,-0.024281,-0.012524,-0.010764,-0.020002,-0.0016459,-0.023841,-0.013826,-0.010541,-0.018578
0.85448,-13.429,-0.60261,-0.0045159,-0.030221,-0.039577,-0.025328,-0.0067449,-0.011055,-0.026619,-0.005773,-0.0072196
-5.1455,-6.4291,-0.60261,0.0081059,-0.022177,-0.020594,-0.01322,-0.0047812,-0.010699,-0.011459,-0.0087381,0.008231
-1.1455,12.571,0.39739,0.017837,-0.013095,0.00080066,-0.00182,0.012398,-0.0032733,-0.0013378,0.00624,0.011781
2.8545,7.5709,0.39739,-0.0084418,-0.0090095,-0.0045326,-0.0013752,-0.010251,0.0059055,-0.0046584,-0.0011738,-0.0060827
-0.14552,6.5709,0.39739,-0.012807,-0.016845,-0.0045307,-0.010391,-0.012604,-0.001213,-0.0084315,-0.0078487,-0.0063569
-0.14552,7.5709,0.39739,-0.023683,-0.0036332,-0.011066,-0.013651,-0.019193,0.0044351,-0.013647,-0.0030043,-0.021125
0.85448,-7.4291,0.39739,0.013783,0.0087254,0.0063957,0.017415,0.026915,0.002094,0.011762,0.0065692,0.0079563
-2.1455,-10.429,0.39739,0.010002,-0.0006433,-0.0007208,-0.00051028,0.0043959,-0.00093533,-0.00047058,0.0035163,0.0083986
-1.1455,5.5709,-0.60261,-0.013618,-0.017543,-0.028545,-0.0284,-0.0089585,-0.023792,-0.02134,-0.017968,-0.013629
-4.1455,-7.4291,0.39739,-0.032556,-0.0095461,0.0085309,0.005675,-0.01083,0.0052593,0.0065196,-0.0047455,-0.031645
4.8545,4.5709,-0.60261,-0.024,-0.0038634,-0.0075891,-0.0036094,-0.0057458,0.0063054,-0.006323,-0.0040527,-0.020977
-0.14552,0.5709,-0.60261,-0.0056678,-0.013445,-0.0005613,9.056e-05,-0.029289,-0.016976,-0.0023688,-0.010389,-0.0060702
-2.1455,-5.4291,-0.60261,0.013096,0.0018869,-0.0007208,0.00081926,0.005067,0.008963,-0.00047058,0.0044501,0.0085419
-5.1455,-1.4291,1.3974,-0.0062525,0.0067141,-0.0006374,-0.0041358,-0.0089114,0.0021566,-0.0012318,-0.00069832,-0.011828
4.8545,8.5709,-0.60261,-0.011556,-0.0011768,-0.0062814,-0.0064094,-0.00030771,0.0066397,-0.0068729,-0.0053023,-0.007935
-4.1455,-5.4291,0.39739,-0.0043282,0.0067556,0.0061866,0.0034336,0.015602,0.020633,0.0055032,0.0024011,-0.0067349
4.8545,-6.4291,-0.60261,0.020671,0.021352,0.022952,0.017317,0.0016965,0.025819,0.018577,0.016904,0.015357
-3.1455,7.5709,0.39739,0.0076475,0.0065021,0.0042389,0.0046319,-0.00030771,0.0040492,0.0056647,0.0011132,0.0068577
-3.1455,10.571,0.39739,-0.0040913,9.4164e-05,-0.0028264,-0.0048145,0.015044,0.0025797,-0.0038359,0.0032976,-0.009266
-4.1455,-7.4291,1.3974,0.0053335,0.0035328,0.0047041,0.0061277,0.0038321,0.0053026,0.0035097,-0.0054349,0.0037267
2.8545,0.5709,-0.60261,0.023732,0.014564,0.011863,0.015622,0.0048806,0.018234,0.014042,0.014877,0.014986
-5.1455,13.571,-0.60261,-0.021824,-0.034324,-0.020977,-0.025284,0.017415,-0.015685,-0.023579,-0.00052724,-0.022157
2.8545,-13.429,0.39739,0.0081057,0.0083966,-0.00072902,0.00034654,0.014792,-0.0048941,0.00030678,0.0027182,0.0013366
3.8545,9.5709,0.39739,0.0069687,0.0015013,0.0043181,0.0013343,-0.0030218,-0.00021648,0.0020266,0.0059453,-0.0027982
-3.1455,14.571,-0.60261,-0.042129,-0.036083,-0.053052,-0.036015,-0.046677,-0.031316,-0.040046,-0.0395,-0.023409
-1.1455,-2.4291,0.39739,0.0046379,-0.012863,0.010293,0.0087713,0.021251,-0.0076424,0.0027704,0.004844,-0.0024366
-3.1455,-3.4291,-0.60261,0.0011897,0.039278,0.0099828,0.0044317,-0.024718,0.0079671,0.0093306,0.0044835,0.0093455
-4.1455,2.5709,-0.60261,-0.013653,-0.0015941,-0.0034851,-0.0073006,-0.014942,-0.0052864,-0.0037737,-0.0042782,-0.0042604
3.8545,-0.4291,-0.60261,0.00037408,0.0035055,-0.0047208,-0.0068276,0.017274,0.006619,-0.0045886,0.00084077,-0.0017898
-1.1455,-11.429,-0.60261,0.014067,0.038046,0.026783,0.021214,0.060922,0.062856,0.015171,0.046869,0.014632
-5.1455,-10.429,0.39739,0.022467,0.0024675,-0.0034426,0.0035177,0.0022269,0.0018447,0.00084524,0.0071308,0.012269
4.8545,13.571,0.39739,-0.036332,-0.0020231,-0.023016,-0.021492,0.0082644,-0.0056072,-0.02059,-0.00039276,-0.03351
-0.14552,-6.4291,0.39739,0.013454,-0.0066026,0.018886,0.01092,-0.010721,-0.0070488,0.015431,0.00079746,0.010237
-4.1455,5.5709,1.3974,-0.015258,-0.021385,-0.01496,-0.011785,0.0010499,-0.012877,-0.013086,-0.0018937,-0.014698
-1.1455,-10.429,0.39739,-0.029644,-0.0072517,-0.0088126,-0.013381,-0.00030771,-0.00024187,-0.014125,-0.01432,-0.017447
-0.14552,-4.4291,-0.60261,0.0048621,0.00545,0.01032,0.005131,-0.0013251,0.0018131,0.0071374,0.0019527,0.008051
4.8545,-5.4291,-0.60261,0.0061015,-0.0007073,-0.0018817,-0.0014084,0.0059668,0.00040789,-0.0028261,0.0034751,0.0058901
2.8545,13.571,0.39739,0.0086313,-0.0032344,-0.0053794,-0.0021429,0.0063698,-0.00093533,-0.0041939,0.0052093,-0.0022159
-2.1455,10.571,0.39739,0.013924,0.0021493,0.02542,0.015008,0.019291,-0.0083707,0.015502,0.0078324,0.01038
1.8545,9.5709,0.39739,-0.0038425,0.0026407,-0.0067944,-0.0095894,-0.017096,-0.0063678,-0.0097993,-0.010598,-0.0074035
-1.1455,10.571,-0.60261,-0.023601,-0.0006433,0.01284,-0.00051028,-0.0041871,0.019035,0.0064597,-0.0062674,-0.017202
-1.1455,4.5709,0.39739,-0.075078,-0.045542,-0.048643,-0.045641,-0.021256,-0.045451,-0.046891,-0.037311,-0.047018
4.8545,2.5709,-0.60261,-0.017977,-0.0011117,0.00086661,-0.0012214,-0.0057831,-0.014227,6.8122e-05,-0.0027203,-0.019211
-4.1455,-6.4291,0.39739,0.022598,0.012313,0.0017211,0.0033117,-0.0022107,0.023544,0.0023421,0.012025,0.016097
3.8545,2.5709,0.39739,-0.0096932,0.0065743,0.0030197,0.0063219,-0.00049299,-0.0022448,0.0033564,-0.0061639,0.0034476
-2.1455,-7.4291,-0.60261,0.044494,0.011071,0.0074401,-0.0017832,-0.027604,0.0071777,0.0041057,-0.008437,0.04561
-0.14552,2.5709,-0.60261,0.022889,0.0077325,0.0070614,5.051e-05,-0.01434,-0.0037407,0.0060621,-0.010764,0.030237
-0.14552,2.5709,0.39739,0.0052844,0.00067299,-0.0017754,-0.0011005,-0.00074584,-0.0025325,0.0017413,0.0011988,0.00088961
1.8545,0.5709,0.39739,0.0050263,-0.00052285,-0.0006946,-0.00037759,-0.0064638,0.0056528,-0.0011609,0.0023305,0.0042186
1.8545,10.571,0.39739,0.013722,-0.0083578,0.0014939,0.00853,0.006575,-0.015484,0.007939,-0.0016913,0.011537
4.8545,-7.4291,0.39739,-0.0072864,-0.0027665,-0.0012688,-0.0048428,0.01074,-0.00024693,-0.0026081,0.0021923,0.00065605
5.8545,0.5709,-0.60261,0.006976,0.00048429,0.015002,0.0059954,0.0089644,-0.010926,0.0098236,-0.0026801,0.0056338
-3.1455,1.5709,0.39739,0.025494,0.0051615,0.0081644,0.0037862,0.011308,-0.0040714,0.0055239,0.010817,0.018279
5.8545,-6.4291,0.39739,-0.033405,0.0031921,-0.0024009,0.0018168,0.0049121,-0.0052866,0.0018365,3.2271e-05,-0.028434
5.8545,-5.4291,-0.60261,0.008686,0.0051794,0.010053,0.0072422,-0.014593,0.0095372,0.0085161,0.0022554,0.0066634
1.8545,11.571,0.39739,0.0043008,0.015807,0.0057848,0.0083337,0.0091439,0.025609,0.007867,0.0041448,0.0032331
2.8545,-6.4291,-0.60261,-0.010224,0.007109,0.016018,0.010945,-0.0081405,1.4868e-05,0.010377,-0.003682,-0.0074633
-1.1455,-7.4291,-0.60261,-0.0074705,0.023141,0.021877,0.0138,0.0047012,0.025443,0.016368,0.0093949,-0.0027527
-5.1455,3.5709,-0.60261,-0.045901,-0.054905,-0.012271,-0.0098616,0.0029312,-0.014086,-0.012516,-0.0049649,-0.024321
5.8545,-14.429,-0.60261,-0.0023912,-0.0022383,-0.0052823,-0.010363,0.013426,0.0082833,-0.0087886,-0.0053516,0.010274
0.85448,-0.4291,-0.60261,0.034489,0.028556,0.029508,0.02484,0.00049526,0.047472,0.026567,0.026499,0.030883
-3.1455,3.5709,0.39739,-0.0093014,-0.0057428,-0.005703,0.00081801,0.0071744,-0.013467,-0.0020989,-0.0026831,-0.0034505
-5.1455,11.571,1.3974,-0.016529,0.0015985,0.0032322,-0.0011974,0.0070446,-0.010558,0.0014488,-0.0020848,-0.015711
-1.1455,-0.4291,-0.60261,0.017503,-0.012119,-0.00092553,-0.0038395,0.018353,-0.0098534,0.0020334,0.0072246,0.010075
5.8545,14.571,0.39739,0.0068863,-0.0021526,-0.012408,-0.0047551,-0.011548,0.0041711,-0.0096613,0.0023776,-9.4226e-05
3.8545,14.571,-0.60261,-0.037604,-0.0068391,-0.015625,-0.0076017,-0.0043167,0.021809,-0.005569,-0.0069609,-0.037478
1.8545,8.5709,-0.60261,0.014916,-0.0011892,0.0096613,0.0087849,0.032631,-0.00013882,0.01003,0.01513,0.011048
-5.1455,3.5709,1.3974,-0.0047612,-0.01081,-0.009253,-0.013757,0.0033097,-0.013164,-0.011115,0.00014983,-0.0011082
-1.1455,4.5709,-0.60261,0.059733,-0.0075263,0.037092,0.0044029,0.032981,-0.0051804,0.017085,0.022469,0.041212
2.8545,-8.4291,0.39739,-0.013776,-0.0006433,-0.0067748,-0.0062999,-0.0084385,-0.0060422,-0.0082315,-0.0028325,-0.0074429
-4.1455,-14.429,1.3974,0.033705,0.015913,0.014255,0.015547,0.0032589,0.017991,0.014618,0.0052879,0.022487
5.8545,-8.4291,0.39739,0.0066052,-0.00012836,0.0060905,0.006088,-0.002881,-0.0040169,0.0076646,0.00013259,0.00075147
4.8545,-6.4291,0.39739,0.006971,-0.0087282,0.004791,0.0037882,-0.004264,-0.014487,0.0053409,-0.0025802,0.006824
4.8545,-9.4291,-0.60261,-0.0025661,0.0018568,0.00061568,0.0028204,0.0070651,-0.0063499,0.00090996,0.003194,-0.008591
-5.1455,11.571,0.39739,-0.0012645,0.004225,-0.0052699,-0.011831,-0.0074224,-0.0078882,-0.010598,-0.0082113,-0.0061766
-4.1455,-13.429,1.3974,0.012686,-0.0033696,-0.0008043,0.0065646,0.017333,-0.018165,0.0011472,0.0026954,0.0058179
-5.1455,-11.429,0.39739,0.012925,0.015273,-0.0007208,0.015507,-0.00030771,-0.00093533,0.016307,0.0074631,0.0086005
0.85448,-14.429,0.39739,-0.0092298,-0.003889,-0.019006,-0.023365,-0.020879,0.0039758,-0.022872,-0.0077556,-0.0072094
-5.1455,6.5709,0.39739,-0.029005,-0.023033,-0.0097488,-0.0065452,-0.026206,-0.0016901,-0.00867,-0.013321,-0.025486
-2.1455,0.5709,-0.60261,0.035562,0.014776,0.012309,0.020584,0.0010981,0.015539,0.019209,0.0015028,0.039826
3.8545,-10.429,0.39739,0.0097574,0.020003,0.012497,0.01375,0.014264,0.011742,0.0153,0.0025458,0.011557
5.8545,7.5709,-0.60261,-0.0090929,0.0016528,0.0012535,0.0076572,0.014886,0.0015979,0.0036641,0.0068676,-0.0088402
1.8545,7.5709,0.39739,-0.0019487,-0.0046918,0.00023625,0.007064,-0.0071606,-0.011413,0.0051954,-0.0024044,0.00076027
2.8545,-9.4291,0.39739,0.0039961,-0.012181,0.0026023,0.0015325,0.020023,8.3959e-05,0.00218,0.0063781,4.3853e-05
2.8545,5.5709,0.39739,-0.0012262,-0.0032107,-0.0036801,-0.0052157,-0.00030771,-0.0078665,-0.0031068,-0.00014397,-0.0041962
-5.1455,-3.4291,-0.60261,-0.043913,-0.023466,-0.014247,-0.0055358,-0.049346,-0.054785,-0.012922,-0.023566,-0.03082
-1.1455,2.5709,-0.60261,0.0067423,0.029293,0.023152,0.021868,-0.025039,0.047965,0.020875,0.026412,0.0037787
5.8545,13.571,0.39739,-0.007134,0.00036532,0.0026255,-0.00051028,0.004723,0.012365,0.0014527,0.0069255,0.0025426
0.85448,-3.4291,0.39739,0.0009022,8.9298e-05,0.0012475,0.0061112,-0.0041972,-0.00093533,0.0034498,0.0012921,0.0056748
0.85448,8.5709,-0.60261,0.013147,0.0023942,-0.0041417,0.0031673,0.015055,0.0028915,6.7159e-06,0.0027762,0.010975
2.8545,-7.4291,0.39739,-0.0038369,0.0057747,0.0068592,0.0035313,-0.022379,-0.00093533,0.0057095,-0.0045774,-0.0039142
-5.1455,14.571,-0.60261,-0.02501,-0.023696,-0.0212,-0.010223,-0.031974,-0.0094736,-0.0076719,0.0013066,-0.010406
3.8545,-14.429,0.39739,-0.012149,0.0037634,-0.0035632,0.007442,0.0034082,0.010507,-0.00052698,0.004239,-0.015278
-4.1455,-2.4291,-0.60261,0.008157,-0.010691,0.00060106,-0.0035132,0.0092553,0.027615,0.0025614,0.016829,0.0053979
-0.14552,-0.4291,0.39739,0.0060155,0.022579,0.0074174,0.0025032,0.00050573,0.013271,0.0061233,0.0062525,0.011439
5.8545,-13.429,-0.60261,0.044212,-0.00030066,0.00015649,0.002347,0.0035231,7.0784e-05,0.002399,0.0050496,0.036984
2.8545,-5.4291,-0.60261,-0.0041198,0.009725,0.0029519,-0.0038329,0.019047,0.0098165,-0.0015053,0.0082977,0.0059453
0.85448,-1.4291,0.39739,0.0081116,-0.00079851,0.0022838,-0.0038359,0.026386,-0.0041909,-0.00054398,0.0026803,-0.0012401
3.8545,-4.4291,0.39739,0.036243,-0.00049741,0.0021107,0.0021023,-0.021411,0.00099758,0.0025531,0.0022904,0.024547
3.8545,4.5709,0.39739,-0.012879,0.0098258,0.0044823,0.0038631,-0.016993,0.0067785,0.0039111,-0.00049356,-0.0084421
4.8545,-13.429,0.39739,-0.0028589,0.0070861,0.0067382,0.010457,0.00026669,0.0038602,0.0074849,-0.00047042,-0.0096541
-3.1455,-12.429,-0.60261,0.0025707,-0.0070707,-0.00595,-0.032371,-0.0072589,0.0054743,-0.02077,0.00035437,0.00056408
-1.1455,13.571,-0.60261,0.015899,0.01284,0.00088752,0.0063946,0.0071879,0.0020203,0.0022569,0.0068248,-0.0021436
-0.14552,-1.4291,0.39739,0.01591,-0.0024496,0.011958,0.0068987,0.017523,-0.002068,0.011393,0.006942,0.0084268
-2.1455,-6.4291,-0.60261,0.050005,0.036704,0.029386,0.014207,0.036365,0.029316,0.01988,0.02676,0.030149
-3.1455,-6.4291,0.39739,-0.01385,0.001068,0.00097622,-0.0012954,-0.0020351,0.013556,-0.00077441,0.0003525,-0.0079641
1.8545,-4.4291,-0.60261,-0.038102,-0.013384,-0.025444,-0.011348,0.0054906,-0.019925,-0.013914,-0.0070525,-0.024414
5.8545,12.571,-0.60261,-0.0032297,-0.0006433,-0.0007208,-0.00051028,0.012899,-0.00093533,0.0032105,0.0032061,-0.0024406
2.8545,12.571,0.39739,0.01439,0.0041954,-0.0011668,0.00038644,-0.011552,0.0050338,-0.00034064,-0.0019017,0.013156
-5.1455,0.5709,-0.60261,0.030726,0.0068898,0.00607,0.0057789,0.025145,0.0039314,0.0080903,0.009981,0.020408
4.8545,9.5709,-0.60261,0.0047909,0.0038507,0.0051052,0.0071239,0.0039442,0.0079382,0.0049116,0.0032757,-0.0010762
2.8545,14.571,-0.60261,-0.0076169,-0.0039771,-0.0074573,-0.0055231,0.0029572,0.0036756,-0.0045224,-0.0016798,-0.011071
-2.1455,14.571,-0.60261,0.038946,-0.0015938,0.012978,0.01232,-0.00030771,0.00039776,0.012894,0.015509,0.027394
-1.1455,-4.4291,0.39739,-0.012172,-0.0040464,0.002564,-0.010434,-0.01173,-0.016766,-0.0077356,-0.0075023,-0.0013859
0.85448,6.5709,-0.60261,0.0078821,-0.0011777,0.0046808,0.0022753,0.0070357,-0.0039643,0.0022866,-0.0056461,0.0031296
0.85448,14.571,-0.60261,0.044085,0.011182,0.016275,0.017814,0.0048179,0.012797,0.019789,0.0090645,0.042116
-1.1455,-4.4291,-0.60261,-0.019965,-0.02239,-0.010329,-0.0064894,0.0017204,-0.0091407,-0.012305,-0.0065153,-0.02017
2.8545,-12.429,0.39739,0.004562,0.012489,0.0075896,0.010065,0.0053357,-0.0028681,0.0090319,0.0041138,0.00055568
1.8545,4.5709,-0.60261,0.025056,0.010246,0.014281,0.013654,0.017122,0.011013,0.013728,0.012361,0.018128
